Time,Bgn Entity,Bgn Pos LLA_DD,End Entity,End Pos LLA_DD,Earth Model,Az(M),Az(T),El,Cmp(T),Dist,Rng,Alt,Dist(B),Rng(B)
173 2015 11:00:00,origin,,Target_1,,WGS84,,304.6,,,,57403.2,350,,
173 2015 11:00:00,origin,,Target_2,,WGS84,,302.8,,,,57791.8,350,,
173 2015 11:00:00,origin,,Target_3,,WGS84,,N/A,,,,N/A,N/A,,
173 2015 11:00:00,origin,,Target_4,,WGS84,,N/A,,,,N/A,N/A,,
173 2015 11:00:00,origin,,Target_5,,WGS84,,N/A,,,,N/A,N/A,,
173 2015 11:00:00,origin,,Target_6,,WGS84,,N/A,,,,N/A,N/A,,
173 2015 11:00:01.013,origin,,Target_1,,WGS84,,304.6,,,,57218.5,350,,
173 2015 11:00:01.013,origin,,Target_2,,WGS84,,302.8,,,,57606.4,350,,
173 2015 11:00:01.013,origin,,Target_3,,WGS84,,N/A,,,,N/A,N/A,,
173 2015 11:00:01.013,origin,,Target_4,,WGS84,,N/A,,,,N/A,N/A,,
173 2015 11:00:01.013,origin,,Target_5,,WGS84,,N/A,,,,N/A,N/A,,
173 2015 11:00:01.013,origin,,Target_6,,WGS84,,N/A,,,,N/A,N/A,,
173 2015 11:00:02.025,origin,,Target_1,,WGS84,,304.7,,,,57032.2,350,,
173 2015 11:00:02.025,origin,,Target_2,,WGS84,,302.9,,,,57420.7,350,,
173 2015 11:00:02.025,origin,,Target_3,,WGS84,,N/A,,,,N/A,N/A,,
173 2015 11:00:02.025,origin,,Target_4,,WGS84,,N/A,,,,N/A,N/A,,
173 2015 11:00:02.025,origin,,Target_5,,WGS84,,N/A,,,,N/A,N/A,,
173 2015 11:00:02.025,origin,,Target_6,,WGS84,,N/A,,,,N/A,N/A,,
173 2015 11:00:03.05,origin,,Target_1,,WGS84,,304.7,,,,56843,350,,
173 2015 11:00:03.05,origin,,Target_2,,WGS84,,302.9,,,,57232.6,350,,
173 2015 11:00:03.05,origin,,Target_3,,WGS84,,N/A,,,,N/A,N/A,,
173 2015 11:00:03.05,origin,,Target_4,,WGS84,,N/A,,,,N/A,N/A,,
173 2015 11:00:03.05,origin,,Target_5,,WGS84,,N/A,,,,N/A,N/A,,
173 2015 11:00:03.05,origin,,Target_6,,WGS84,,N/A,,,,N/A,N/A,,
173 2015 11:00:04.083,origin,,Target_1,,WGS84,,304.7,,,,56651.9,350,,
173 2015 11:00:04.083,origin,,Target_2,,WGS84,,302.9,,,,57042.7,350,,
173 2015 11:00:04.083,origin,,Target_3,,WGS84,,N/A,,,,N/A,N/A,,
173 2015 11:00:04.083,origin,,Target_4,,WGS84,,N/A,,,,N/A,N/A,,
173 2015 11:00:04.083,origin,,Target_5,,WGS84,,N/A,,,,N/A,N/A,,
173 2015 11:00:04.083,origin,,Target_6,,WGS84,,N/A,,,,N/A,N/A,,
173 2015 11:00:05.105,origin,,Target_1,,WGS84,,304.7,,,,56462.8,350,,
173 2015 11:00:05.105,origin,,Target_2,,WGS84,,303,,,,56854.8,350,,
173 2015 11:00:05.105,origin,,Target_3,,WGS84,,N/A,,,,N/A,N/A,,
173 2015 11:00:05.105,origin,,Target_4,,WGS84,,N/A,,,,N/A,N/A,,
173 2015 11:00:05.105,origin,,Target_5,,WGS84,,N/A,,,,N/A,N/A,,
173 2015 11:00:05.105,origin,,Target_6,,WGS84,,N/A,,,,N/A,N/A,,
173 2015 11:00:06.132,origin,,Target_1,,WGS84,,304.8,,,,56272.9,350,,
173 2015 11:00:06.132,origin,,Target_2,,WGS84,,303,,,,56666,350,,
173 2015 11:00:06.132,origin,,Target_3,,WGS84,,N/A,,,,N/A,N/A,,
173 2015 11:00:06.132,origin,,Target_4,,WGS84,,N/A,,,,N/A,N/A,,
173 2015 11:00:06.132,origin,,Target_5,,WGS84,,N/A,,,,N/A,N/A,,
173 2015 11:00:06.132,origin,,Target_6,,WGS84,,N/A,,,,N/A,N/A,,
173 2015 11:00:07.17,origin,,Target_1,,WGS84,,304.8,,,,56080.7,350,,
173 2015 11:00:07.17,origin,,Target_2,,WGS84,,303,,,,56474.9,350,,
173 2015 11:00:07.17,origin,,Target_3,,WGS84,,N/A,,,,N/A,N/A,,
173 2015 11:00:07.17,origin,,Target_4,,WGS84,,N/A,,,,N/A,N/A,,
173 2015 11:00:07.17,origin,,Target_5,,WGS84,,N/A,,,,N/A,N/A,,
173 2015 11:00:07.17,origin,,Target_6,,WGS84,,N/A,,,,N/A,N/A,,
173 2015 11:00:08.211,origin,,Target_1,,WGS84,,304.8,,,,55888,350,,
173 2015 11:00:08.211,origin,,Target_2,,WGS84,,303,,,,56283.4,350,,
173 2015 11:00:08.211,origin,,Target_3,,WGS84,,N/A,,,,N/A,N/A,,
173 2015 11:00:08.211,origin,,Target_4,,WGS84,,N/A,,,,N/A,N/A,,
173 2015 11:00:08.211,origin,,Target_5,,WGS84,,N/A,,,,N/A,N/A,,
173 2015 11:00:08.211,origin,,Target_6,,WGS84,,N/A,,,,N/A,N/A,,
173 2015 11:00:09.231,origin,,Target_1,,WGS84,,304.8,,,,55699,350,,
173 2015 11:00:09.231,origin,,Target_2,,WGS84,,303.1,,,,56095.5,350,,
173 2015 11:00:09.231,origin,,Target_3,,WGS84,,N/A,,,,N/A,N/A,,
173 2015 11:00:09.231,origin,,Target_4,,WGS84,,N/A,,,,N/A,N/A,,
173 2015 11:00:09.231,origin,,Target_5,,WGS84,,N/A,,,,N/A,N/A,,
173 2015 11:00:09.231,origin,,Target_6,,WGS84,,N/A,,,,N/A,N/A,,
173 2015 11:00:10.243,origin,,Target_1,,WGS84,,304.8,,,,55511.5,350,,
173 2015 11:00:10.243,origin,,Target_2,,WGS84,,303.1,,,,55909,350,,
173 2015 11:00:10.243,origin,,Target_3,,WGS84,,N/A,,,,N/A,N/A,,
173 2015 11:00:10.243,origin,,Target_4,,WGS84,,N/A,,,,N/A,N/A,,
173 2015 11:00:10.243,origin,,Target_5,,WGS84,,N/A,,,,N/A,N/A,,
173 2015 11:00:10.243,origin,,Target_6,,WGS84,,N/A,,,,N/A,N/A,,
173 2015 11:00:11.404,origin,,Target_1,,WGS84,,304.9,,,,55296.4,350,,
173 2015 11:00:11.404,origin,,Target_2,,WGS84,,303.1,,,,55695.1,350,,
173 2015 11:00:11.404,origin,,Target_3,,WGS84,,N/A,,,,N/A,N/A,,
173 2015 11:00:11.404,origin,,Target_4,,WGS84,,N/A,,,,N/A,N/A,,
173 2015 11:00:11.404,origin,,Target_5,,WGS84,,N/A,,,,N/A,N/A,,
173 2015 11:00:11.404,origin,,Target_6,,WGS84,,N/A,,,,N/A,N/A,,
173 2015 11:00:12.579,origin,,Target_1,,WGS84,,304.9,,,,55078.6,350,,
173 2015 11:00:12.579,origin,,Target_2,,WGS84,,303.2,,,,55478.5,350,,
173 2015 11:00:12.579,origin,,Target_3,,WGS84,,N/A,,,,N/A,N/A,,
173 2015 11:00:12.579,origin,,Target_4,,WGS84,,N/A,,,,N/A,N/A,,
173 2015 11:00:12.579,origin,,Target_5,,WGS84,,N/A,,,,N/A,N/A,,
173 2015 11:00:12.579,origin,,Target_6,,WGS84,,N/A,,,,N/A,N/A,,
173 2015 11:00:13.615,origin,,Target_1,,WGS84,,304.9,,,,54886.6,350,,
173 2015 11:00:13.615,origin,,Target_2,,WGS84,,303.2,,,,55287.4,350,,
173 2015 11:00:13.615,origin,,Target_3,,WGS84,,N/A,,,,N/A,N/A,,
173 2015 11:00:13.615,origin,,Target_4,,WGS84,,N/A,,,,N/A,N/A,,
173 2015 11:00:13.615,origin,,Target_5,,WGS84,,N/A,,,,N/A,N/A,,
173 2015 11:00:13.615,origin,,Target_6,,WGS84,,N/A,,,,N/A,N/A,,
173 2015 11:00:14.662,origin,,Target_1,,WGS84,,304.9,,,,54692.4,350,,
173 2015 11:00:14.662,origin,,Target_2,,WGS84,,303.2,,,,55094.2,350,,
173 2015 11:00:14.662,origin,,Target_3,,WGS84,,N/A,,,,N/A,N/A,,
173 2015 11:00:14.662,origin,,Target_4,,WGS84,,N/A,,,,N/A,N/A,,
173 2015 11:00:14.662,origin,,Target_5,,WGS84,,N/A,,,,N/A,N/A,,
173 2015 11:00:14.662,origin,,Target_6,,WGS84,,N/A,,,,N/A,N/A,,
173 2015 11:00:15.724,origin,,Target_1,,WGS84,,305,,,,54495.5,350,,
173 2015 11:00:15.724,origin,,Target_2,,WGS84,,303.2,,,,54898.3,350,,
173 2015 11:00:15.724,origin,,Target_3,,WGS84,,N/A,,,,N/A,N/A,,
173 2015 11:00:15.724,origin,,Target_4,,WGS84,,N/A,,,,N/A,N/A,,
173 2015 11:00:15.724,origin,,Target_5,,WGS84,,N/A,,,,N/A,N/A,,
173 2015 11:00:15.724,origin,,Target_6,,WGS84,,N/A,,,,N/A,N/A,,
173 2015 11:00:16.75,origin,,Target_1,,WGS84,,305,,,,54305.1,350,,
173 2015 11:00:16.75,origin,,Target_2,,WGS84,,303.3,,,,54708.8,350,,
173 2015 11:00:16.75,origin,,Target_3,,WGS84,,N/A,,,,N/A,N/A,,
173 2015 11:00:16.75,origin,,Target_4,,WGS84,,N/A,,,,N/A,N/A,,
173 2015 11:00:16.75,origin,,Target_5,,WGS84,,N/A,,,,N/A,N/A,,
173 2015 11:00:16.75,origin,,Target_6,,WGS84,,N/A,,,,N/A,N/A,,
173 2015 11:00:17.792,origin,,Target_1,,WGS84,,305,,,,54111.9,350,,
173 2015 11:00:17.792,origin,,Target_2,,WGS84,,303.3,,,,54516.5,350,,
173 2015 11:00:17.792,origin,,Target_3,,WGS84,,N/A,,,,N/A,N/A,,
173 2015 11:00:17.792,origin,,Target_4,,WGS84,,N/A,,,,N/A,N/A,,
173 2015 11:00:17.792,origin,,Target_5,,WGS84,,N/A,,,,N/A,N/A,,
173 2015 11:00:17.792,origin,,Target_6,,WGS84,,N/A,,,,N/A,N/A,,
173 2015 11:00:18.838,origin,,Target_1,,WGS84,,305,,,,53917.8,350,,
173 2015 11:00:18.838,origin,,Target_2,,WGS84,,303.3,,,,54323.3,350,,
173 2015 11:00:18.838,origin,,Target_3,,WGS84,,N/A,,,,N/A,N/A,,
173 2015 11:00:18.838,origin,,Target_4,,WGS84,,N/A,,,,N/A,N/A,,
173 2015 11:00:18.838,origin,,Target_5,,WGS84,,N/A,,,,N/A,N/A,,
173 2015 11:00:18.838,origin,,Target_6,,WGS84,,N/A,,,,N/A,N/A,,
173 2015 11:00:19.872,origin,,Target_1,,WGS84,,305,,,,53725.8,350,,
173 2015 11:00:19.872,origin,,Target_2,,WGS84,,303.3,,,,54132.2,350,,
173 2015 11:00:19.872,origin,,Target_3,,WGS84,,N/A,,,,N/A,N/A,,
173 2015 11:00:19.872,origin,,Target_4,,WGS84,,N/A,,,,N/A,N/A,,
173 2015 11:00:19.872,origin,,Target_5,,WGS84,,N/A,,,,N/A,N/A,,
173 2015 11:00:19.872,origin,,Target_6,,WGS84,,N/A,,,,N/A,N/A,,
173 2015 11:00:20.911,origin,,Target_1,,WGS84,,305.1,,,,53532.9,350,,
173 2015 11:00:20.911,origin,,Target_2,,WGS84,,303.4,,,,53940.1,350,,
173 2015 11:00:20.911,origin,,Target_3,,WGS84,,N/A,,,,N/A,N/A,,
173 2015 11:00:20.911,origin,,Target_4,,WGS84,,N/A,,,,N/A,N/A,,
173 2015 11:00:20.911,origin,,Target_5,,WGS84,,N/A,,,,N/A,N/A,,
173 2015 11:00:20.911,origin,,Target_6,,WGS84,,N/A,,,,N/A,N/A,,
173 2015 11:00:21.95,origin,,Target_1,,WGS84,,305.1,,,,53339.9,350,,
173 2015 11:00:21.95,origin,,Target_2,,WGS84,,303.4,,,,53747.9,350,,
173 2015 11:00:21.95,origin,,Target_3,,WGS84,,N/A,,,,N/A,N/A,,
173 2015 11:00:21.95,origin,,Target_4,,WGS84,,N/A,,,,N/A,N/A,,
173 2015 11:00:21.95,origin,,Target_5,,WGS84,,N/A,,,,N/A,N/A,,
173 2015 11:00:21.95,origin,,Target_6,,WGS84,,N/A,,,,N/A,N/A,,
173 2015 11:00:22.999,origin,,Target_1,,WGS84,,305.1,,,,53145.1,350,,
173 2015 11:00:22.999,origin,,Target_2,,WGS84,,303.4,,,,53553.9,350,,
173 2015 11:00:22.999,origin,,Target_3,,WGS84,,N/A,,,,N/A,N/A,,
173 2015 11:00:22.999,origin,,Target_4,,WGS84,,N/A,,,,N/A,N/A,,
173 2015 11:00:22.999,origin,,Target_5,,WGS84,,N/A,,,,N/A,N/A,,
173 2015 11:00:22.999,origin,,Target_6,,WGS84,,N/A,,,,N/A,N/A,,
173 2015 11:00:24.044,origin,,Target_1,,WGS84,,305.1,,,,52951.1,350,,
173 2015 11:00:24.044,origin,,Target_2,,WGS84,,303.4,,,,53360.6,350,,
173 2015 11:00:24.044,origin,,Target_3,,WGS84,,N/A,,,,N/A,N/A,,
173 2015 11:00:24.044,origin,,Target_4,,WGS84,,N/A,,,,N/A,N/A,,
173 2015 11:00:24.044,origin,,Target_5,,WGS84,,N/A,,,,N/A,N/A,,
173 2015 11:00:24.044,origin,,Target_6,,WGS84,,N/A,,,,N/A,N/A,,
173 2015 11:00:25.083,origin,,Target_1,,WGS84,,305.1,,,,52758,350,,
173 2015 11:00:25.083,origin,,Target_2,,WGS84,,303.5,,,,53168.3,350,,
173 2015 11:00:25.083,origin,,Target_3,,WGS84,,N/A,,,,N/A,N/A,,
173 2015 11:00:25.083,origin,,Target_4,,WGS84,,N/A,,,,N/A,N/A,,
173 2015 11:00:25.083,origin,,Target_5,,WGS84,,N/A,,,,N/A,N/A,,
173 2015 11:00:25.083,origin,,Target_6,,WGS84,,N/A,,,,N/A,N/A,,
173 2015 11:00:26.147,origin,,Target_1,,WGS84,,305.2,,,,52560.3,350,,
173 2015 11:00:26.147,origin,,Target_2,,WGS84,,303.5,,,,52971.4,350,,
173 2015 11:00:26.147,origin,,Target_3,,WGS84,,N/A,,,,N/A,N/A,,
173 2015 11:00:26.147,origin,,Target_4,,WGS84,,N/A,,,,N/A,N/A,,
173 2015 11:00:26.147,origin,,Target_5,,WGS84,,N/A,,,,N/A,N/A,,
173 2015 11:00:26.147,origin,,Target_6,,WGS84,,N/A,,,,N/A,N/A,,
173 2015 11:00:27.202,origin,,Target_1,,WGS84,,305.2,,,,52364.3,350,,
173 2015 11:00:27.202,origin,,Target_2,,WGS84,,303.5,,,,52776.1,350,,
173 2015 11:00:27.202,origin,,Target_3,,WGS84,,N/A,,,,N/A,N/A,,
173 2015 11:00:27.202,origin,,Target_4,,WGS84,,N/A,,,,N/A,N/A,,
173 2015 11:00:27.202,origin,,Target_5,,WGS84,,N/A,,,,N/A,N/A,,
173 2015 11:00:27.202,origin,,Target_6,,WGS84,,N/A,,,,N/A,N/A,,
173 2015 11:00:28.249,origin,,Target_1,,WGS84,,305.2,,,,52169.6,350,,
173 2015 11:00:28.249,origin,,Target_2,,WGS84,,303.5,,,,52582.1,350,,
173 2015 11:00:28.249,origin,,Target_3,,WGS84,,N/A,,,,N/A,N/A,,
173 2015 11:00:28.249,origin,,Target_4,,WGS84,,N/A,,,,N/A,N/A,,
173 2015 11:00:28.249,origin,,Target_5,,WGS84,,N/A,,,,N/A,N/A,,
173 2015 11:00:28.249,origin,,Target_6,,WGS84,,N/A,,,,N/A,N/A,,
173 2015 11:00:29.309,origin,,Target_1,,WGS84,,305.2,,,,51972.6,350,,
173 2015 11:00:29.309,origin,,Target_2,,WGS84,,303.6,,,,52385.8,350,,
173 2015 11:00:29.309,origin,,Target_3,,WGS84,,N/A,,,,N/A,N/A,,
173 2015 11:00:29.309,origin,,Target_4,,WGS84,,N/A,,,,N/A,N/A,,
173 2015 11:00:29.309,origin,,Target_5,,WGS84,,N/A,,,,N/A,N/A,,
173 2015 11:00:29.309,origin,,Target_6,,WGS84,,N/A,,,,N/A,N/A,,
173 2015 11:00:30.38,origin,,Target_1,,WGS84,,305.2,,,,51773.6,350,,
173 2015 11:00:30.38,origin,,Target_2,,WGS84,,303.6,,,,52187.4,350,,
173 2015 11:00:30.38,origin,,Target_3,,WGS84,,N/A,,,,N/A,N/A,,
173 2015 11:00:30.38,origin,,Target_4,,WGS84,,N/A,,,,N/A,N/A,,
173 2015 11:00:30.38,origin,,Target_5,,WGS84,,N/A,,,,N/A,N/A,,
173 2015 11:00:30.38,origin,,Target_6,,WGS84,,N/A,,,,N/A,N/A,,
173 2015 11:00:31.413,origin,,Target_1,,WGS84,,305.3,,,,51581.5,350,,
173 2015 11:00:31.413,origin,,Target_2,,WGS84,,303.6,,,,51996,350,,
173 2015 11:00:31.413,origin,,Target_3,,WGS84,,N/A,,,,N/A,N/A,,
173 2015 11:00:31.413,origin,,Target_4,,WGS84,,N/A,,,,N/A,N/A,,
173 2015 11:00:31.413,origin,,Target_5,,WGS84,,N/A,,,,N/A,N/A,,
173 2015 11:00:31.413,origin,,Target_6,,WGS84,,N/A,,,,N/A,N/A,,
173 2015 11:00:32.442,origin,,Target_1,,WGS84,,305.3,,,,51390,350,,
173 2015 11:00:32.442,origin,,Target_2,,WGS84,,303.6,,,,51805.1,350,,
173 2015 11:00:32.442,origin,,Target_3,,WGS84,,N/A,,,,N/A,N/A,,
173 2015 11:00:32.442,origin,,Target_4,,WGS84,,N/A,,,,N/A,N/A,,
173 2015 11:00:32.442,origin,,Target_5,,WGS84,,N/A,,,,N/A,N/A,,
173 2015 11:00:32.442,origin,,Target_6,,WGS84,,N/A,,,,N/A,N/A,,
173 2015 11:00:33.472,origin,,Target_1,,WGS84,,305.3,,,,51198.4,350,,
173 2015 11:00:33.472,origin,,Target_2,,WGS84,,303.7,,,,51614.2,350,,
173 2015 11:00:33.472,origin,,Target_3,,WGS84,,N/A,,,,N/A,N/A,,
173 2015 11:00:33.472,origin,,Target_4,,WGS84,,N/A,,,,N/A,N/A,,
173 2015 11:00:33.472,origin,,Target_5,,WGS84,,N/A,,,,N/A,N/A,,
173 2015 11:00:33.472,origin,,Target_6,,WGS84,,N/A,,,,N/A,N/A,,
173 2015 11:00:34.511,origin,,Target_1,,WGS84,,305.3,,,,51005.2,350,,
173 2015 11:00:34.511,origin,,Target_2,,WGS84,,303.7,,,,51421.5,350,,
173 2015 11:00:34.511,origin,,Target_3,,WGS84,,N/A,,,,N/A,N/A,,
173 2015 11:00:34.511,origin,,Target_4,,WGS84,,N/A,,,,N/A,N/A,,
173 2015 11:00:34.511,origin,,Target_5,,WGS84,,N/A,,,,N/A,N/A,,
173 2015 11:00:34.511,origin,,Target_6,,WGS84,,N/A,,,,N/A,N/A,,
173 2015 11:00:35.544,origin,,Target_1,,WGS84,,305.3,,,,50812.9,350,,
173 2015 11:00:35.544,origin,,Target_2,,WGS84,,303.7,,,,51229.8,350,,
173 2015 11:00:35.544,origin,,Target_3,,WGS84,,N/A,,,,N/A,N/A,,
173 2015 11:00:35.544,origin,,Target_4,,WGS84,,N/A,,,,N/A,N/A,,
173 2015 11:00:35.544,origin,,Target_5,,WGS84,,N/A,,,,N/A,N/A,,
173 2015 11:00:35.544,origin,,Target_6,,WGS84,,N/A,,,,N/A,N/A,,
173 2015 11:00:36.582,origin,,Target_1,,WGS84,,305.3,,,,50619.7,350,,
173 2015 11:00:36.582,origin,,Target_2,,WGS84,,303.7,,,,51037.2,350,,
173 2015 11:00:36.582,origin,,Target_3,,WGS84,,N/A,,,,N/A,N/A,,
173 2015 11:00:36.582,origin,,Target_4,,WGS84,,N/A,,,,N/A,N/A,,
173 2015 11:00:36.582,origin,,Target_5,,WGS84,,N/A,,,,N/A,N/A,,
173 2015 11:00:36.582,origin,,Target_6,,WGS84,,N/A,,,,N/A,N/A,,
173 2015 11:00:37.629,origin,,Target_1,,WGS84,,305.4,,,,50424.9,350,,
173 2015 11:00:37.629,origin,,Target_2,,WGS84,,303.7,,,,50842.9,350,,
173 2015 11:00:37.629,origin,,Target_3,,WGS84,,321.8,,,,34543.4,200.7,,
173 2015 11:00:37.629,origin,,Target_4,,WGS84,,N/A,,,,N/A,N/A,,
173 2015 11:00:37.629,origin,,Target_5,,WGS84,,N/A,,,,N/A,N/A,,
173 2015 11:00:37.629,origin,,Target_6,,WGS84,,N/A,,,,N/A,N/A,,
173 2015 11:00:38.677,origin,,Target_1,,WGS84,,305.4,,,,50229.8,350,,
173 2015 11:00:38.677,origin,,Target_2,,WGS84,,303.8,,,,50648.3,350,,
173 2015 11:00:38.677,origin,,Target_3,,WGS84,,321.8,,,,34473.6,517.7,,
173 2015 11:00:38.677,origin,,Target_4,,WGS84,,N/A,,,,N/A,N/A,,
173 2015 11:00:38.677,origin,,Target_5,,WGS84,,N/A,,,,N/A,N/A,,
173 2015 11:00:38.677,origin,,Target_6,,WGS84,,N/A,,,,N/A,N/A,,
173 2015 11:00:39.733,origin,,Target_1,,WGS84,,305.4,,,,50033.2,350,,
173 2015 11:00:39.733,origin,,Target_2,,WGS84,,303.8,,,,50452.3,350,,
173 2015 11:00:39.733,origin,,Target_3,,WGS84,,321.8,,,,34343.8,816.6,,
173 2015 11:00:39.733,origin,,Target_4,,WGS84,,N/A,,,,N/A,N/A,,
173 2015 11:00:39.733,origin,,Target_5,,WGS84,,N/A,,,,N/A,N/A,,
173 2015 11:00:39.733,origin,,Target_6,,WGS84,,N/A,,,,N/A,N/A,,
173 2015 11:00:40.798,origin,,Target_1,,WGS84,,305.4,,,,49835,350,,
173 2015 11:00:40.798,origin,,Target_2,,WGS84,,303.8,,,,50254.5,350,,
173 2015 11:00:40.798,origin,,Target_3,,WGS84,,321.8,,,,34157.2,1085.4,,
173 2015 11:00:40.798,origin,,Target_4,,WGS84,,N/A,,,,N/A,N/A,,
173 2015 11:00:40.798,origin,,Target_5,,WGS84,,N/A,,,,N/A,N/A,,
173 2015 11:00:40.798,origin,,Target_6,,WGS84,,N/A,,,,N/A,N/A,,
173 2015 11:00:41.845,origin,,Target_1,,WGS84,,305.4,,,,49640.1,350,,
173 2015 11:00:41.845,origin,,Target_2,,WGS84,,303.8,,,,50060.1,350,,
173 2015 11:00:41.845,origin,,Target_3,,WGS84,,321.8,,,,33925.3,1306.8,,
173 2015 11:00:41.845,origin,,Target_4,,WGS84,,N/A,,,,N/A,N/A,,
173 2015 11:00:41.845,origin,,Target_5,,WGS84,,N/A,,,,N/A,N/A,,
173 2015 11:00:41.845,origin,,Target_6,,WGS84,,N/A,,,,N/A,N/A,,
173 2015 11:00:42.913,origin,,Target_1,,WGS84,,305.4,,,,49441,350,,
173 2015 11:00:42.913,origin,,Target_2,,WGS84,,303.8,,,,49861.6,350,,
173 2015 11:00:42.913,origin,,Target_3,,WGS84,,321.8,,,,33647.7,1480.3,,
173 2015 11:00:42.913,origin,,Target_4,,WGS84,,N/A,,,,N/A,N/A,,
173 2015 11:00:42.913,origin,,Target_5,,WGS84,,N/A,,,,N/A,N/A,,
173 2015 11:00:42.913,origin,,Target_6,,WGS84,,N/A,,,,N/A,N/A,,
173 2015 11:00:43.976,origin,,Target_1,,WGS84,,305.5,,,,49243,350,,
173 2015 11:00:43.976,origin,,Target_2,,WGS84,,303.9,,,,49664.1,350,,
173 2015 11:00:43.976,origin,,Target_3,,WGS84,,321.8,,,,33340.6,1592.9,,
173 2015 11:00:43.976,origin,,Target_4,,WGS84,,N/A,,,,N/A,N/A,,
173 2015 11:00:43.976,origin,,Target_5,,WGS84,,N/A,,,,N/A,N/A,,
173 2015 11:00:43.976,origin,,Target_6,,WGS84,,N/A,,,,N/A,N/A,,
173 2015 11:00:45.034,origin,,Target_1,,WGS84,,305.5,,,,49045.9,350,,
173 2015 11:00:45.034,origin,,Target_2,,WGS84,,303.9,,,,49467.4,350,,
173 2015 11:00:45.034,origin,,Target_3,,WGS84,,321.8,,,,33015.8,1641.3,,
173 2015 11:00:45.034,origin,,Target_4,,WGS84,,N/A,,,,N/A,N/A,,
173 2015 11:00:45.034,origin,,Target_5,,WGS84,,N/A,,,,N/A,N/A,,
173 2015 11:00:45.034,origin,,Target_6,,WGS84,,N/A,,,,N/A,N/A,,
173 2015 11:00:46.108,origin,,Target_1,,WGS84,,305.5,,,,48846,350,,
173 2015 11:00:46.108,origin,,Target_2,,WGS84,,303.9,,,,49267.9,350,,
173 2015 11:00:46.108,origin,,Target_3,,WGS84,,321.8,,,,32679.8,1623.4,,
173 2015 11:00:46.108,origin,,Target_4,,WGS84,,N/A,,,,N/A,N/A,,
173 2015 11:00:46.108,origin,,Target_5,,WGS84,,N/A,,,,N/A,N/A,,
173 2015 11:00:46.108,origin,,Target_6,,WGS84,,N/A,,,,N/A,N/A,,
173 2015 11:00:47.174,origin,,Target_1,,WGS84,,305.5,,,,48647.3,350,,
173 2015 11:00:47.174,origin,,Target_2,,WGS84,,303.9,,,,49069.7,350,,
173 2015 11:00:47.174,origin,,Target_3,,WGS84,,321.8,,,,32353,1539.4,,
173 2015 11:00:47.174,origin,,Target_4,,WGS84,,N/A,,,,N/A,N/A,,
173 2015 11:00:47.174,origin,,Target_5,,WGS84,,N/A,,,,N/A,N/A,,
173 2015 11:00:47.174,origin,,Target_6,,WGS84,,N/A,,,,N/A,N/A,,
173 2015 11:00:48.222,origin,,Target_1,,WGS84,,305.5,,,,48452,350,,
173 2015 11:00:48.222,origin,,Target_2,,WGS84,,303.9,,,,48874.8,350,,
173 2015 11:00:48.222,origin,,Target_3,,WGS84,,321.8,,,,32045.3,1410,,
173 2015 11:00:48.222,origin,,Target_4,,WGS84,,N/A,,,,N/A,N/A,,
173 2015 11:00:48.222,origin,,Target_5,,WGS84,,N/A,,,,N/A,N/A,,
173 2015 11:00:48.222,origin,,Target_6,,WGS84,,N/A,,,,N/A,N/A,,
173 2015 11:00:49.267,origin,,Target_1,,WGS84,,305.5,,,,48257.1,350,,
173 2015 11:00:49.267,origin,,Target_2,,WGS84,,304,,,,48680.4,350,,
173 2015 11:00:49.267,origin,,Target_3,,WGS84,,321.8,,,,31739.7,1278.9,,
173 2015 11:00:49.267,origin,,Target_4,,WGS84,,N/A,,,,N/A,N/A,,
173 2015 11:00:49.267,origin,,Target_5,,WGS84,,N/A,,,,N/A,N/A,,
173 2015 11:00:49.267,origin,,Target_6,,WGS84,,N/A,,,,N/A,N/A,,
173 2015 11:00:50.337,origin,,Target_1,,WGS84,,305.6,,,,48057.7,350,,
173 2015 11:00:50.337,origin,,Target_2,,WGS84,,304,,,,48481.4,350,,
173 2015 11:00:50.337,origin,,Target_3,,WGS84,,321.8,,,,31427.5,1144.6,,
173 2015 11:00:50.337,origin,,Target_4,,WGS84,,N/A,,,,N/A,N/A,,
173 2015 11:00:50.337,origin,,Target_5,,WGS84,,N/A,,,,N/A,N/A,,
173 2015 11:00:50.337,origin,,Target_6,,WGS84,,N/A,,,,N/A,N/A,,
173 2015 11:00:51.396,origin,,Target_1,,WGS84,,305.6,,,,47860.4,350,,
173 2015 11:00:51.396,origin,,Target_2,,WGS84,,304,,,,48284.4,350,,
173 2015 11:00:51.396,origin,,Target_3,,WGS84,,321.8,,,,31119,1011.8,,
173 2015 11:00:51.396,origin,,Target_4,,WGS84,,N/A,,,,N/A,N/A,,
173 2015 11:00:51.396,origin,,Target_5,,WGS84,,N/A,,,,N/A,N/A,,
173 2015 11:00:51.396,origin,,Target_6,,WGS84,,N/A,,,,N/A,N/A,,
173 2015 11:00:52.458,origin,,Target_1,,WGS84,,305.6,,,,47662.4,350,,
173 2015 11:00:52.458,origin,,Target_2,,WGS84,,304,,,,48086.8,350,,
173 2015 11:00:52.458,origin,,Target_3,,WGS84,,321.8,,,,30810.1,878.5,,
173 2015 11:00:52.458,origin,,Target_4,,WGS84,,N/A,,,,N/A,N/A,,
173 2015 11:00:52.458,origin,,Target_5,,WGS84,,N/A,,,,N/A,N/A,,
173 2015 11:00:52.458,origin,,Target_6,,WGS84,,N/A,,,,N/A,N/A,,
173 2015 11:00:53.543,origin,,Target_1,,WGS84,,305.6,,,,47460.1,350,,
173 2015 11:00:53.543,origin,,Target_2,,WGS84,,304,,,,47884.9,350,,
173 2015 11:00:53.543,origin,,Target_3,,WGS84,,321.8,,,,30495,742.4,,
173 2015 11:00:53.543,origin,,Target_4,,WGS84,,N/A,,,,N/A,N/A,,
173 2015 11:00:53.543,origin,,Target_5,,WGS84,,N/A,,,,N/A,N/A,,
173 2015 11:00:53.543,origin,,Target_6,,WGS84,,N/A,,,,N/A,N/A,,
173 2015 11:00:54.633,origin,,Target_1,,WGS84,,305.6,,,,47256.8,350,,
173 2015 11:00:54.633,origin,,Target_2,,WGS84,,304.1,,,,47681.9,350,,
173 2015 11:00:54.633,origin,,Target_3,,WGS84,,321.8,,,,30178.8,605.6,,
173 2015 11:00:54.633,origin,,Target_4,,WGS84,,N/A,,,,N/A,N/A,,
173 2015 11:00:54.633,origin,,Target_5,,WGS84,,N/A,,,,N/A,N/A,,
173 2015 11:00:54.633,origin,,Target_6,,WGS84,,N/A,,,,N/A,N/A,,
173 2015 11:00:55.713,origin,,Target_1,,WGS84,,305.6,,,,47055.4,350,,
173 2015 11:00:55.713,origin,,Target_2,,WGS84,,304.1,,,,47480.8,350,,
173 2015 11:00:55.713,origin,,Target_3,,WGS84,,321.8,,,,29866.3,470,,
173 2015 11:00:55.713,origin,,Target_4,,WGS84,,N/A,,,,N/A,N/A,,
173 2015 11:00:55.713,origin,,Target_5,,WGS84,,N/A,,,,N/A,N/A,,
173 2015 11:00:55.713,origin,,Target_6,,WGS84,,N/A,,,,N/A,N/A,,
173 2015 11:00:56.791,origin,,Target_1,,WGS84,,305.6,,,,46854.3,350,,
173 2015 11:00:56.791,origin,,Target_2,,WGS84,,304.1,,,,47280.1,350,,
173 2015 11:00:56.791,origin,,Target_3,,WGS84,,321.8,,,,29549.4,348.7,,
173 2015 11:00:56.791,origin,,Target_4,,WGS84,,N/A,,,,N/A,N/A,,
173 2015 11:00:56.791,origin,,Target_5,,WGS84,,N/A,,,,N/A,N/A,,
173 2015 11:00:56.791,origin,,Target_6,,WGS84,,N/A,,,,N/A,N/A,,
173 2015 11:00:57.872,origin,,Target_1,,WGS84,,305.7,,,,46652.7,350,,
173 2015 11:00:57.872,origin,,Target_2,,WGS84,,304.1,,,,47078.8,350,,
173 2015 11:00:57.872,origin,,Target_3,,WGS84,,321.8,,,,29221.7,259.7,,
173 2015 11:00:57.872,origin,,Target_4,,WGS84,,N/A,,,,N/A,N/A,,
173 2015 11:00:57.872,origin,,Target_5,,WGS84,,N/A,,,,N/A,N/A,,
173 2015 11:00:57.872,origin,,Target_6,,WGS84,,N/A,,,,N/A,N/A,,
173 2015 11:00:58.974,origin,,Target_1,,WGS84,,305.7,,,,46447.1,350,,
173 2015 11:00:58.974,origin,,Target_2,,WGS84,,304.1,,,,46873.5,350,,
173 2015 11:00:58.974,origin,,Target_3,,WGS84,,321.8,,,,28882.1,193.3,,
173 2015 11:00:58.974,origin,,Target_4,,WGS84,,N/A,,,,N/A,N/A,,
173 2015 11:00:58.974,origin,,Target_5,,WGS84,,N/A,,,,N/A,N/A,,
173 2015 11:00:58.974,origin,,Target_6,,WGS84,,N/A,,,,N/A,N/A,,
173 2015 11:01:00.094,origin,,Target_1,,WGS84,,305.7,,,,46238.2,350,,
173 2015 11:01:00.094,origin,,Target_2,,WGS84,,304.1,,,,46665,350,,
173 2015 11:01:00.094,origin,,Target_3,,WGS84,,321.8,,,,28534.4,144.4,,
173 2015 11:01:00.094,origin,,Target_4,,WGS84,,N/A,,,,N/A,N/A,,
173 2015 11:01:00.094,origin,,Target_5,,WGS84,,N/A,,,,N/A,N/A,,
173 2015 11:01:00.094,origin,,Target_6,,WGS84,,N/A,,,,N/A,N/A,,
173 2015 11:01:01.212,origin,,Target_1,,WGS84,,305.7,,,,46029.5,350,,
173 2015 11:01:01.212,origin,,Target_2,,WGS84,,304.2,,,,46456.6,350,,
173 2015 11:01:01.212,origin,,Target_3,,WGS84,,321.8,,,,28185.4,108.9,,
173 2015 11:01:01.212,origin,,Target_4,,WGS84,,N/A,,,,N/A,N/A,,
173 2015 11:01:01.212,origin,,Target_5,,WGS84,,N/A,,,,N/A,N/A,,
173 2015 11:01:01.212,origin,,Target_6,,WGS84,,N/A,,,,N/A,N/A,,
173 2015 11:01:02.348,origin,,Target_1,,WGS84,,305.7,,,,45817.7,350,,
173 2015 11:01:02.348,origin,,Target_2,,WGS84,,304.2,,,,46245.1,350,,
173 2015 11:01:02.348,origin,,Target_3,,WGS84,,321.8,,,,27830.4,82.8,,
173 2015 11:01:02.348,origin,,Target_4,,WGS84,,N/A,,,,N/A,N/A,,
173 2015 11:01:02.348,origin,,Target_5,,WGS84,,N/A,,,,N/A,N/A,,
173 2015 11:01:02.348,origin,,Target_6,,WGS84,,N/A,,,,N/A,N/A,,
173 2015 11:01:03.504,origin,,Target_1,,WGS84,,305.7,,,,45602,350,,
173 2015 11:01:03.504,origin,,Target_2,,WGS84,,304.2,,,,46029.7,350,,
173 2015 11:01:03.504,origin,,Target_3,,WGS84,,321.8,,,,27468.6,63.7,,
173 2015 11:01:03.504,origin,,Target_4,,WGS84,,N/A,,,,N/A,N/A,,
173 2015 11:01:03.504,origin,,Target_5,,WGS84,,N/A,,,,N/A,N/A,,
173 2015 11:01:03.504,origin,,Target_6,,WGS84,,N/A,,,,N/A,N/A,,
173 2015 11:01:04.659,origin,,Target_1,,WGS84,,305.8,,,,45386.4,350,,
173 2015 11:01:04.659,origin,,Target_2,,WGS84,,304.2,,,,45814.4,350,,
173 2015 11:01:04.659,origin,,Target_3,,WGS84,,321.8,,,,27106.6,50,,
173 2015 11:01:04.659,origin,,Target_4,,WGS84,,N/A,,,,N/A,N/A,,
173 2015 11:01:04.659,origin,,Target_5,,WGS84,,N/A,,,,N/A,N/A,,
173 2015 11:01:04.659,origin,,Target_6,,WGS84,,N/A,,,,N/A,N/A,,
173 2015 11:01:05.912,origin,,Target_1,,WGS84,,305.8,,,,45152.5,350,,
173 2015 11:01:05.912,origin,,Target_2,,WGS84,,304.2,,,,45580.8,350,,
173 2015 11:01:05.912,origin,,Target_3,,WGS84,,321.9,,,,26714.1,39.4,,
173 2015 11:01:05.912,origin,,Target_4,,WGS84,,N/A,,,,N/A,N/A,,
173 2015 11:01:05.912,origin,,Target_5,,WGS84,,N/A,,,,N/A,N/A,,
173 2015 11:01:05.912,origin,,Target_6,,WGS84,,N/A,,,,N/A,N/A,,
173 2015 11:01:06.967,origin,,Target_1,,WGS84,,305.8,,,,44955.6,350,,
173 2015 11:01:06.967,origin,,Target_2,,WGS84,,304.3,,,,45384.1,350,,
173 2015 11:01:06.967,origin,,Target_3,,WGS84,,321.9,,,,26383.3,33,,
173 2015 11:01:06.967,origin,,Target_4,,WGS84,,N/A,,,,N/A,N/A,,
173 2015 11:01:06.967,origin,,Target_5,,WGS84,,N/A,,,,N/A,N/A,,
173 2015 11:01:06.967,origin,,Target_6,,WGS84,,N/A,,,,N/A,N/A,,
173 2015 11:01:08.074,origin,,Target_1,,WGS84,,305.8,,,,44748.9,350,,
173 2015 11:01:08.074,origin,,Target_2,,WGS84,,304.3,,,,45177.7,350,,
173 2015 11:01:08.074,origin,,Target_3,,WGS84,,321.9,,,,26036.4,28.1,,
173 2015 11:01:08.074,origin,,Target_4,,WGS84,,322.9,,,,33833.6,336.9,,
173 2015 11:01:08.074,origin,,Target_5,,WGS84,,N/A,,,,N/A,N/A,,
173 2015 11:01:08.074,origin,,Target_6,,WGS84,,N/A,,,,N/A,N/A,,
173 2015 11:01:09.119,origin,,Target_1,,WGS84,,305.8,,,,44553.7,350,,
173 2015 11:01:09.119,origin,,Target_2,,WGS84,,304.3,,,,44982.7,350,,
173 2015 11:01:09.119,origin,,Target_3,,WGS84,,321.9,,,,25708.6,24.7,,
173 2015 11:01:09.119,origin,,Target_4,,WGS84,,322.8,,,,33742.5,646.1,,
173 2015 11:01:09.119,origin,,Target_5,,WGS84,,N/A,,,,N/A,N/A,,
173 2015 11:01:09.119,origin,,Target_6,,WGS84,,N/A,,,,N/A,N/A,,
173 2015 11:01:10.202,origin,,Target_1,,WGS84,,305.8,,,,44351.6,350,,
173 2015 11:01:10.202,origin,,Target_2,,WGS84,,304.3,,,,44780.8,350,,
173 2015 11:01:10.202,origin,,Target_3,,WGS84,,321.9,,,,25369.3,22.1,,
173 2015 11:01:10.202,origin,,Target_4,,WGS84,,322.7,,,,33590.9,939.7,,
173 2015 11:01:10.202,origin,,Target_5,,WGS84,,N/A,,,,N/A,N/A,,
173 2015 11:01:10.202,origin,,Target_6,,WGS84,,N/A,,,,N/A,N/A,,
173 2015 11:01:11.258,origin,,Target_1,,WGS84,,305.8,,,,44154.4,350,,
173 2015 11:01:11.258,origin,,Target_2,,WGS84,,304.3,,,,44583.9,350,,
173 2015 11:01:11.258,origin,,Target_3,,WGS84,,321.9,,,,25038.2,20.3,,
173 2015 11:01:11.258,origin,,Target_4,,WGS84,,322.6,,,,33392,1188.5,,
173 2015 11:01:11.258,origin,,Target_5,,WGS84,,N/A,,,,N/A,N/A,,
173 2015 11:01:11.258,origin,,Target_6,,WGS84,,N/A,,,,N/A,N/A,,
173 2015 11:01:12.3,origin,,Target_1,,WGS84,,305.9,,,,43959.9,350,,
173 2015 11:01:12.3,origin,,Target_2,,WGS84,,304.3,,,,44389.6,350,,
173 2015 11:01:12.3,origin,,Target_3,,WGS84,,321.9,,,,24711.8,18.9,,
173 2015 11:01:12.3,origin,,Target_4,,WGS84,,322.5,,,,33153.5,1387.7,,
173 2015 11:01:12.3,origin,,Target_5,,WGS84,,N/A,,,,N/A,N/A,,
173 2015 11:01:12.3,origin,,Target_6,,WGS84,,N/A,,,,N/A,N/A,,
173 2015 11:01:13.362,origin,,Target_1,,WGS84,,305.9,,,,43761.5,350,,
173 2015 11:01:13.362,origin,,Target_2,,WGS84,,304.3,,,,44191.4,350,,
173 2015 11:01:13.362,origin,,Target_3,,WGS84,,321.9,,,,24378.7,17.9,,
173 2015 11:01:13.362,origin,,Target_4,,WGS84,,322.4,,,,32875.3,1535.4,,
173 2015 11:01:13.362,origin,,Target_5,,WGS84,,N/A,,,,N/A,N/A,,
173 2015 11:01:13.362,origin,,Target_6,,WGS84,,N/A,,,,N/A,N/A,,
173 2015 11:01:14.435,origin,,Target_1,,WGS84,,305.9,,,,43561.1,350,,
173 2015 11:01:14.435,origin,,Target_2,,WGS84,,304.4,,,,43991.2,350,,
173 2015 11:01:14.435,origin,,Target_3,,WGS84,,321.9,,,,24042.3,17.1,,
173 2015 11:01:14.435,origin,,Target_4,,WGS84,,322.2,,,,32569.1,1621.9,,
173 2015 11:01:14.435,origin,,Target_5,,WGS84,,N/A,,,,N/A,N/A,,
173 2015 11:01:14.435,origin,,Target_6,,WGS84,,N/A,,,,N/A,N/A,,
173 2015 11:01:15.505,origin,,Target_1,,WGS84,,305.9,,,,43361.3,350,,
173 2015 11:01:15.505,origin,,Target_2,,WGS84,,304.4,,,,43791.6,350,,
173 2015 11:01:15.505,origin,,Target_3,,WGS84,,321.9,,,,23707,16.6,,
173 2015 11:01:15.505,origin,,Target_4,,WGS84,,322,,,,32250.6,1641.8,,
173 2015 11:01:15.505,origin,,Target_5,,WGS84,,N/A,,,,N/A,N/A,,
173 2015 11:01:15.505,origin,,Target_6,,WGS84,,N/A,,,,N/A,N/A,,
173 2015 11:01:16.568,origin,,Target_1,,WGS84,,305.9,,,,43162.8,350,,
173 2015 11:01:16.568,origin,,Target_2,,WGS84,,304.4,,,,43593.3,350,,
173 2015 11:01:16.568,origin,,Target_3,,WGS84,,321.9,,,,23373.7,16.1,,
173 2015 11:01:16.568,origin,,Target_4,,WGS84,,321.8,,,,31933.5,1595.1,,
173 2015 11:01:16.568,origin,,Target_5,,WGS84,,N/A,,,,N/A,N/A,,
173 2015 11:01:16.568,origin,,Target_6,,WGS84,,N/A,,,,N/A,N/A,,
173 2015 11:01:17.609,origin,,Target_1,,WGS84,,305.9,,,,42968.2,350,,
173 2015 11:01:17.609,origin,,Target_2,,WGS84,,304.4,,,,43398.8,350,,
173 2015 11:01:17.609,origin,,Target_3,,WGS84,,321.9,,,,23047.1,15.8,,
173 2015 11:01:17.609,origin,,Target_4,,WGS84,,321.6,,,,31634.4,1487.3,,
173 2015 11:01:17.609,origin,,Target_5,,WGS84,,N/A,,,,N/A,N/A,,
173 2015 11:01:17.609,origin,,Target_6,,WGS84,,N/A,,,,N/A,N/A,,
173 2015 11:01:18.676,origin,,Target_1,,WGS84,,305.9,,,,42768.8,350,,
173 2015 11:01:18.676,origin,,Target_2,,WGS84,,304.4,,,,43199.7,350,,
173 2015 11:01:18.676,origin,,Target_3,,WGS84,,321.9,,,,22712.6,15.5,,
173 2015 11:01:18.676,origin,,Target_4,,WGS84,,321.5,,,,31336.2,1353,,
173 2015 11:01:18.676,origin,,Target_5,,WGS84,,N/A,,,,N/A,N/A,,
173 2015 11:01:18.676,origin,,Target_6,,WGS84,,N/A,,,,N/A,N/A,,
173 2015 11:01:19.736,origin,,Target_1,,WGS84,,305.9,,,,42570.9,350,,
173 2015 11:01:19.736,origin,,Target_2,,WGS84,,304.4,,,,43001.9,350,,
173 2015 11:01:19.736,origin,,Target_3,,WGS84,,321.9,,,,22380.3,15.3,,
173 2015 11:01:19.736,origin,,Target_4,,WGS84,,321.3,,,,31040.7,1220.1,,
173 2015 11:01:19.736,origin,,Target_5,,WGS84,,N/A,,,,N/A,N/A,,
173 2015 11:01:19.736,origin,,Target_6,,WGS84,,N/A,,,,N/A,N/A,,
173 2015 11:01:20.803,origin,,Target_1,,WGS84,,306,,,,42371.5,350,,
173 2015 11:01:20.803,origin,,Target_2,,WGS84,,304.4,,,,42802.7,350,,
173 2015 11:01:20.803,origin,,Target_3,,WGS84,,321.9,,,,22045.8,15.2,,
173 2015 11:01:20.803,origin,,Target_4,,WGS84,,321.1,,,,30744,1086.2,,
173 2015 11:01:20.803,origin,,Target_5,,WGS84,,N/A,,,,N/A,N/A,,
173 2015 11:01:20.803,origin,,Target_6,,WGS84,,N/A,,,,N/A,N/A,,
173 2015 11:01:21.854,origin,,Target_1,,WGS84,,306,,,,42175.2,350,,
173 2015 11:01:21.854,origin,,Target_2,,WGS84,,304.5,,,,42606.5,350,,
173 2015 11:01:21.854,origin,,Target_3,,WGS84,,322,,,,21716.4,15.1,,
173 2015 11:01:21.854,origin,,Target_4,,WGS84,,320.9,,,,30452.6,954.3,,
173 2015 11:01:21.854,origin,,Target_5,,WGS84,,N/A,,,,N/A,N/A,,
173 2015 11:01:21.854,origin,,Target_6,,WGS84,,N/A,,,,N/A,N/A,,
173 2015 11:01:22.916,origin,,Target_1,,WGS84,,306,,,,41976.6,350,,
173 2015 11:01:22.916,origin,,Target_2,,WGS84,,304.5,,,,42408.1,350,,
173 2015 11:01:22.916,origin,,Target_3,,WGS84,,322,,,,21383.1,15.1,,
173 2015 11:01:22.916,origin,,Target_4,,WGS84,,320.8,,,,30158.7,821,,
173 2015 11:01:22.916,origin,,Target_5,,WGS84,,N/A,,,,N/A,N/A,,
173 2015 11:01:22.916,origin,,Target_6,,WGS84,,N/A,,,,N/A,N/A,,
173 2015 11:01:23.967,origin,,Target_1,,WGS84,,306,,,,41780.3,350,,
173 2015 11:01:23.967,origin,,Target_2,,WGS84,,304.5,,,,42211.9,350,,
173 2015 11:01:23.967,origin,,Target_3,,WGS84,,322,,,,21053.7,15,,
173 2015 11:01:23.967,origin,,Target_4,,WGS84,,320.6,,,,29869,689.1,,
173 2015 11:01:23.967,origin,,Target_5,,WGS84,,N/A,,,,N/A,N/A,,
173 2015 11:01:23.967,origin,,Target_6,,WGS84,,N/A,,,,N/A,N/A,,
173 2015 11:01:25.029,origin,,Target_1,,WGS84,,306,,,,41581.8,350,,
173 2015 11:01:25.029,origin,,Target_2,,WGS84,,304.5,,,,42013.5,350,,
173 2015 11:01:25.029,origin,,Target_3,,WGS84,,322,,,,20720.6,15,,
173 2015 11:01:25.029,origin,,Target_4,,WGS84,,320.4,,,,29577,555.9,,
173 2015 11:01:25.029,origin,,Target_5,,WGS84,,N/A,,,,N/A,N/A,,
173 2015 11:01:25.029,origin,,Target_6,,WGS84,,N/A,,,,N/A,N/A,,
173 2015 11:01:26.104,origin,,Target_1,,WGS84,,306,,,,41380.8,350,,
173 2015 11:01:26.104,origin,,Target_2,,WGS84,,304.5,,,,41812.8,350,,
173 2015 11:01:26.104,origin,,Target_3,,WGS84,,322,,,,20383.6,15,,
173 2015 11:01:26.104,origin,,Target_4,,WGS84,,320.2,,,,29282,421.8,,
173 2015 11:01:26.104,origin,,Target_5,,WGS84,,N/A,,,,N/A,N/A,,
173 2015 11:01:26.104,origin,,Target_6,,WGS84,,N/A,,,,N/A,N/A,,
173 2015 11:01:27.177,origin,,Target_1,,WGS84,,306,,,,41180.3,350,,
173 2015 11:01:27.177,origin,,Target_2,,WGS84,,304.5,,,,41612.3,350,,
173 2015 11:01:27.177,origin,,Target_3,,WGS84,,322,,,,20047,15,,
173 2015 11:01:27.177,origin,,Target_4,,WGS84,,320,,,,28979.4,313.7,,
173 2015 11:01:27.177,origin,,Target_5,,WGS84,,N/A,,,,N/A,N/A,,
173 2015 11:01:27.177,origin,,Target_6,,WGS84,,N/A,,,,N/A,N/A,,
173 2015 11:01:28.232,origin,,Target_1,,WGS84,,306,,,,40983.1,350,,
173 2015 11:01:28.232,origin,,Target_2,,WGS84,,304.5,,,,41415.3,350,,
173 2015 11:01:28.232,origin,,Target_3,,WGS84,,322,,,,19716.2,15,,
173 2015 11:01:28.232,origin,,Target_4,,WGS84,,319.7,,,,28675.2,235.7,,
173 2015 11:01:28.232,origin,,Target_5,,WGS84,,N/A,,,,N/A,N/A,,
173 2015 11:01:28.232,origin,,Target_6,,WGS84,,N/A,,,,N/A,N/A,,
173 2015 11:01:29.303,origin,,Target_1,,WGS84,,306.1,,,,40782.9,350,,
173 2015 11:01:29.303,origin,,Target_2,,WGS84,,304.5,,,,41215.2,350,,
173 2015 11:01:29.303,origin,,Target_3,,WGS84,,322,,,,19380.4,15,,
173 2015 11:01:29.303,origin,,Target_4,,WGS84,,319.5,,,,28362.9,177.3,,
173 2015 11:01:29.303,origin,,Target_5,,WGS84,,N/A,,,,N/A,N/A,,
173 2015 11:01:29.303,origin,,Target_6,,WGS84,,18.5,,,,7302.8,33,,
173 2015 11:01:30.378,origin,,Target_1,,WGS84,,306.1,,,,40581.9,350,,
173 2015 11:01:30.378,origin,,Target_2,,WGS84,,304.6,,,,41014.4,350,,
173 2015 11:01:30.378,origin,,Target_3,,WGS84,,322,,,,19043.3,15,,
173 2015 11:01:30.378,origin,,Target_4,,WGS84,,319.3,,,,28047.8,134.2,,
173 2015 11:01:30.378,origin,,Target_5,,WGS84,,N/A,,,,N/A,N/A,,
173 2015 11:01:30.378,origin,,Target_6,,WGS84,,18.2,,,,7313.1,237.9,,
173 2015 11:01:31.46,origin,,Target_1,,WGS84,,306.1,,,,40379.7,350,,
173 2015 11:01:31.46,origin,,Target_2,,WGS84,,304.6,,,,40812.3,350,,
173 2015 11:01:31.46,origin,,Target_3,,WGS84,,322,,,,18704.1,15,,
173 2015 11:01:31.46,origin,,Target_4,,WGS84,,319,,,,27730.2,102.4,,
173 2015 11:01:31.46,origin,,Target_5,,WGS84,,N/A,,,,N/A,N/A,,
173 2015 11:01:31.46,origin,,Target_6,,WGS84,,15.6,,,,7387.2,337.1,,
173 2015 11:01:32.535,origin,,Target_1,,WGS84,,306.1,,,,40178.7,350,,
173 2015 11:01:32.535,origin,,Target_2,,WGS84,,304.6,,,,40611.4,350,,
173 2015 11:01:32.535,origin,,Target_3,,WGS84,,322.1,,,,18366.9,15,,
173 2015 11:01:32.535,origin,,Target_4,,WGS84,,318.8,,,,27414.5,79.3,,
173 2015 11:01:32.535,origin,,Target_5,,WGS84,,N/A,,,,N/A,N/A,,
173 2015 11:01:32.535,origin,,Target_6,,WGS84,,11.2,,,,7555.2,450.1,,
173 2015 11:01:33.626,origin,,Target_1,,WGS84,,306.1,,,,39974.7,350,,
173 2015 11:01:33.626,origin,,Target_2,,WGS84,,304.6,,,,40407.6,350,,
173 2015 11:01:33.626,origin,,Target_3,,WGS84,,322.1,,,,18024.8,15,,
173 2015 11:01:33.626,origin,,Target_4,,WGS84,,318.5,,,,27094.3,62,,
173 2015 11:01:33.626,origin,,Target_5,,WGS84,,N/A,,,,N/A,N/A,,
173 2015 11:01:33.626,origin,,Target_6,,WGS84,,5.1,,,,7876.5,595.4,,
173 2015 11:01:34.724,origin,,Target_1,,WGS84,,306.1,,,,39769.4,350,,
173 2015 11:01:34.724,origin,,Target_2,,WGS84,,304.6,,,,40202.3,350,,
173 2015 11:01:34.724,origin,,Target_3,,WGS84,,322.1,,,,17680.4,15,,
173 2015 11:01:34.724,origin,,Target_4,,WGS84,,318.3,,,,26772.4,49.3,,
173 2015 11:01:34.724,origin,,Target_5,,WGS84,,N/A,,,,N/A,N/A,,
173 2015 11:01:34.724,origin,,Target_6,,WGS84,,357.9,,,,8420.3,753.1,,
173 2015 11:01:35.833,origin,,Target_1,,WGS84,,306.1,,,,39562.1,350,,
173 2015 11:01:35.833,origin,,Target_2,,WGS84,,304.6,,,,39995.1,350,,
173 2015 11:01:35.833,origin,,Target_3,,WGS84,,322.1,,,,17332.6,15,,
173 2015 11:01:35.833,origin,,Target_4,,WGS84,,318,,,,26447.9,40,,
173 2015 11:01:35.833,origin,,Target_5,,WGS84,,N/A,,,,N/A,N/A,,
173 2015 11:01:35.833,origin,,Target_6,,WGS84,,350.2,,,,9257,900.8,,
173 2015 11:01:36.937,origin,,Target_1,,WGS84,,306.1,,,,39355.5,350,,
173 2015 11:01:36.937,origin,,Target_2,,WGS84,,304.6,,,,39788.7,350,,
173 2015 11:01:36.937,origin,,Target_3,,WGS84,,322.1,,,,16986.2,15,,
173 2015 11:01:36.937,origin,,Target_4,,WGS84,,317.7,,,,26125.1,33.2,,
173 2015 11:01:36.937,origin,,Target_5,,WGS84,,N/A,,,,N/A,N/A,,
173 2015 11:01:36.937,origin,,Target_6,,WGS84,,342.8,,,,10413.8,999.8,,
173 2015 11:01:38.031,origin,,Target_1,,WGS84,,306.1,,,,39149,350,,
173 2015 11:01:38.031,origin,,Target_2,,WGS84,,304.6,,,,39584.3,350,,
173 2015 11:01:38.031,origin,,Target_3,,WGS84,,322.1,,,,16643.3,15,,
173 2015 11:01:38.031,origin,,Target_4,,WGS84,,317.4,,,,25806.3,28.3,,
173 2015 11:01:38.031,origin,,Target_5,,WGS84,,N/A,,,,N/A,N/A,,
173 2015 11:01:38.031,origin,,Target_6,,WGS84,,335.9,,,,11892.3,1006.9,,
173 2015 11:01:39.139,origin,,Target_1,,WGS84,,306.1,,,,38937.3,350,,
173 2015 11:01:39.139,origin,,Target_2,,WGS84,,304.6,,,,39375.5,350,,
173 2015 11:01:39.139,origin,,Target_3,,WGS84,,322.1,,,,16295.7,15,,
173 2015 11:01:39.139,origin,,Target_4,,WGS84,,317.1,,,,25483.7,24.7,,
173 2015 11:01:39.139,origin,,Target_5,,WGS84,,N/A,,,,N/A,N/A,,
173 2015 11:01:39.139,origin,,Target_6,,WGS84,,329.9,,,,13769.4,917.2,,
173 2015 11:01:40.241,origin,,Target_1,,WGS84,,306,,,,38732,350,,
173 2015 11:01:40.241,origin,,Target_2,,WGS84,,304.6,,,,39165.3,350,,
173 2015 11:01:40.241,origin,,Target_3,,WGS84,,322.2,,,,15950.1,15,,
173 2015 11:01:40.241,origin,,Target_4,,WGS84,,316.8,,,,25163.8,22.1,,
173 2015 11:01:40.241,origin,,Target_5,,WGS84,,N/A,,,,N/A,N/A,,
173 2015 11:01:40.241,origin,,Target_6,,WGS84,,324.9,,,,16062.1,740.8,,
173 2015 11:01:41.346,origin,,Target_1,,WGS84,,305.8,,,,38541.2,350,,
173 2015 11:01:41.346,origin,,Target_2,,WGS84,,304.5,,,,38958.4,350,,
173 2015 11:01:41.346,origin,,Target_3,,WGS84,,322.2,,,,15603.5,15,,
173 2015 11:01:41.346,origin,,Target_4,,WGS84,,316.5,,,,24843.5,20.1,,
173 2015 11:01:41.346,origin,,Target_5,,WGS84,,N/A,,,,N/A,N/A,,
173 2015 11:01:41.346,origin,,Target_6,,WGS84,,320.8,,,,18869.6,493.2,,
173 2015 11:01:42.457,origin,,Target_1,,WGS84,,305.6,,,,38374.7,350,,
173 2015 11:01:42.457,origin,,Target_2,,WGS84,,304.3,,,,38764.7,350,,
173 2015 11:01:42.457,origin,,Target_3,,WGS84,,322.2,,,,15255,15,,
173 2015 11:01:42.457,origin,,Target_4,,WGS84,,316.2,,,,24522.3,18.7,,
173 2015 11:01:42.457,origin,,Target_5,,WGS84,,N/A,,,,N/A,N/A,,
173 2015 11:01:42.457,origin,,Target_6,,WGS84,,317.4,,,,22389.4,186.4,,
173 2015 11:01:43.546,origin,,Target_1,,WGS84,,305.3,,,,38234.2,350,,
173 2015 11:01:43.546,origin,,Target_2,,WGS84,,304.1,,,,38598.4,350,,
173 2015 11:01:43.546,origin,,Target_3,,WGS84,,322.2,,,,14913.2,15,,
173 2015 11:01:43.546,origin,,Target_4,,WGS84,,N/A,,,,N/A,N/A,,
173 2015 11:01:43.546,origin,,Target_5,,WGS84,,N/A,,,,N/A,N/A,,
173 2015 11:01:43.546,origin,,Target_6,,WGS84,,316.2,,,,24090.4,57.6,,
173 2015 11:01:44.62,origin,,Target_1,,WGS84,,305.1,,,,38105.2,350,,
173 2015 11:01:44.62,origin,,Target_2,,WGS84,,303.9,,,,38460.1,350,,
173 2015 11:01:44.62,origin,,Target_3,,WGS84,,322.2,,,,14576.5,15,,
173 2015 11:01:44.62,origin,,Target_4,,WGS84,,N/A,,,,N/A,N/A,,
173 2015 11:01:44.62,origin,,Target_5,,WGS84,,N/A,,,,N/A,N/A,,
173 2015 11:01:44.62,origin,,Target_6,,WGS84,,N/A,,,,N/A,N/A,,
173 2015 11:01:45.727,origin,,Target_1,,WGS84,,304.8,,,,37975.4,350,,
173 2015 11:01:45.727,origin,,Target_2,,WGS84,,303.6,,,,38330.5,350,,
173 2015 11:01:45.727,origin,,Target_3,,WGS84,,322.3,,,,14229.1,15,,
173 2015 11:01:45.727,origin,,Target_4,,WGS84,,N/A,,,,N/A,N/A,,
173 2015 11:01:45.727,origin,,Target_5,,WGS84,,N/A,,,,N/A,N/A,,
173 2015 11:01:45.727,origin,,Target_6,,WGS84,,N/A,,,,N/A,N/A,,
173 2015 11:01:46.783,origin,,Target_1,,WGS84,,304.5,,,,37852.3,350,,
173 2015 11:01:46.783,origin,,Target_2,,WGS84,,303.3,,,,38211.2,350,,
173 2015 11:01:46.783,origin,,Target_3,,WGS84,,322.3,,,,13898,15,,
173 2015 11:01:46.783,origin,,Target_4,,WGS84,,N/A,,,,N/A,N/A,,
173 2015 11:01:46.783,origin,,Target_5,,WGS84,,N/A,,,,N/A,N/A,,
173 2015 11:01:46.783,origin,,Target_6,,WGS84,,N/A,,,,N/A,N/A,,
173 2015 11:01:47.857,origin,,Target_1,,WGS84,,304.1,,,,37726.7,350,,
173 2015 11:01:47.857,origin,,Target_2,,WGS84,,303,,,,38091.1,350,,
173 2015 11:01:47.857,origin,,Target_3,,WGS84,,322.3,,,,13560.9,15,,
173 2015 11:01:47.857,origin,,Target_4,,WGS84,,N/A,,,,N/A,N/A,,
173 2015 11:01:47.857,origin,,Target_5,,WGS84,,N/A,,,,N/A,N/A,,
173 2015 11:01:47.857,origin,,Target_6,,WGS84,,N/A,,,,N/A,N/A,,
173 2015 11:01:48.96,origin,,Target_1,,WGS84,,303.8,,,,37597.3,350,,
173 2015 11:01:48.96,origin,,Target_2,,WGS84,,302.7,,,,37967.8,350,,
173 2015 11:01:48.96,origin,,Target_3,,WGS84,,322.3,,,,13214.9,15,,
173 2015 11:01:48.96,origin,,Target_4,,WGS84,,N/A,,,,N/A,N/A,,
173 2015 11:01:48.96,origin,,Target_5,,WGS84,,N/A,,,,N/A,N/A,,
173 2015 11:01:48.96,origin,,Target_6,,WGS84,,N/A,,,,N/A,N/A,,
173 2015 11:01:50.083,origin,,Target_1,,WGS84,,303.5,,,,37465,350,,
173 2015 11:01:50.083,origin,,Target_2,,WGS84,,302.3,,,,37842.1,350,,
173 2015 11:01:50.083,origin,,Target_3,,WGS84,,322.4,,,,12862.9,15,,
173 2015 11:01:50.083,origin,,Target_4,,WGS84,,N/A,,,,N/A,N/A,,
173 2015 11:01:50.083,origin,,Target_5,,WGS84,,N/A,,,,N/A,N/A,,
173 2015 11:01:50.083,origin,,Target_6,,WGS84,,N/A,,,,N/A,N/A,,
173 2015 11:01:51.161,origin,,Target_1,,WGS84,,303.2,,,,37337.1,350,,
173 2015 11:01:51.161,origin,,Target_2,,WGS84,,302,,,,37720.7,350,,
173 2015 11:01:51.161,origin,,Target_3,,WGS84,,322.4,,,,12524.5,15,,
173 2015 11:01:51.161,origin,,Target_4,,WGS84,,N/A,,,,N/A,N/A,,
173 2015 11:01:51.161,origin,,Target_5,,WGS84,,N/A,,,,N/A,N/A,,
173 2015 11:01:51.161,origin,,Target_6,,WGS84,,N/A,,,,N/A,N/A,,
173 2015 11:01:52.295,origin,,Target_1,,WGS84,,302.8,,,,37202.2,350,,
173 2015 11:01:52.295,origin,,Target_2,,WGS84,,301.7,,,,37592.7,350,,
173 2015 11:01:52.295,origin,,Target_3,,WGS84,,322.4,,,,12168.9,15,,
173 2015 11:01:52.295,origin,,Target_4,,WGS84,,N/A,,,,N/A,N/A,,
173 2015 11:01:52.295,origin,,Target_5,,WGS84,,N/A,,,,N/A,N/A,,
173 2015 11:01:52.295,origin,,Target_6,,WGS84,,N/A,,,,N/A,N/A,,
173 2015 11:01:53.426,origin,,Target_1,,WGS84,,302.4,,,,37066.9,350,,
173 2015 11:01:53.426,origin,,Target_2,,WGS84,,301.3,,,,37464.4,350,,
173 2015 11:01:53.426,origin,,Target_3,,WGS84,,322.5,,,,11813.9,15,,
173 2015 11:01:53.426,origin,,Target_4,,WGS84,,N/A,,,,N/A,N/A,,
173 2015 11:01:53.426,origin,,Target_5,,WGS84,,N/A,,,,N/A,N/A,,
173 2015 11:01:53.426,origin,,Target_6,,WGS84,,N/A,,,,N/A,N/A,,
173 2015 11:01:54.595,origin,,Target_1,,WGS84,,302.1,,,,36926.7,350,,
173 2015 11:01:54.595,origin,,Target_2,,WGS84,,300.9,,,,37331.5,350,,
173 2015 11:01:54.595,origin,,Target_3,,WGS84,,322.5,,,,11447.1,15,,
173 2015 11:01:54.595,origin,,Target_4,,WGS84,,N/A,,,,N/A,N/A,,
173 2015 11:01:54.595,origin,,Target_5,,WGS84,,N/A,,,,N/A,N/A,,
173 2015 11:01:54.595,origin,,Target_6,,WGS84,,N/A,,,,N/A,N/A,,
173 2015 11:01:55.78,origin,,Target_1,,WGS84,,301.7,,,,36784.2,350,,
173 2015 11:01:55.78,origin,,Target_2,,WGS84,,300.5,,,,37196.4,350,,
173 2015 11:01:55.78,origin,,Target_3,,WGS84,,322.5,,,,11075.5,15,,
173 2015 11:01:55.78,origin,,Target_4,,WGS84,,N/A,,,,N/A,N/A,,
173 2015 11:01:55.78,origin,,Target_5,,WGS84,,N/A,,,,N/A,N/A,,
173 2015 11:01:55.78,origin,,Target_6,,WGS84,,N/A,,,,N/A,N/A,,
173 2015 11:01:56.996,origin,,Target_1,,WGS84,,301.3,,,,36637.6,350,,
173 2015 11:01:56.996,origin,,Target_2,,WGS84,,300.1,,,,37057.5,350,,
173 2015 11:01:56.996,origin,,Target_3,,WGS84,,322.6,,,,10693.8,15,,
173 2015 11:01:56.996,origin,,Target_4,,WGS84,,N/A,,,,N/A,N/A,,
173 2015 11:01:56.996,origin,,Target_5,,WGS84,,314.8,,,,4643.8,144.5,,
173 2015 11:01:56.996,origin,,Target_6,,WGS84,,N/A,,,,N/A,N/A,,
173 2015 11:01:58.194,origin,,Target_1,,WGS84,,300.8,,,,36493,350,,
173 2015 11:01:58.194,origin,,Target_2,,WGS84,,299.7,,,,36920.6,350,,
173 2015 11:01:58.194,origin,,Target_3,,WGS84,,322.6,,,,10318.2,15,,
173 2015 11:01:58.194,origin,,Target_4,,WGS84,,N/A,,,,N/A,N/A,,
173 2015 11:01:58.194,origin,,Target_5,,WGS84,,314.5,,,,4727.1,218.1,,
173 2015 11:01:58.194,origin,,Target_6,,WGS84,,N/A,,,,N/A,N/A,,
173 2015 11:01:59.412,origin,,Target_1,,WGS84,,300.4,,,,36345.9,350,,
173 2015 11:01:59.412,origin,,Target_2,,WGS84,,299.3,,,,36781.3,350,,
173 2015 11:01:59.412,origin,,Target_3,,WGS84,,322.7,,,,9936.1,15,,
173 2015 11:01:59.412,origin,,Target_4,,WGS84,,N/A,,,,N/A,N/A,,
173 2015 11:01:59.412,origin,,Target_5,,WGS84,,313.8,,,,4975.4,290.3,,
173 2015 11:01:59.412,origin,,Target_6,,WGS84,,N/A,,,,N/A,N/A,,
173 2015 11:02:00.626,origin,,Target_1,,WGS84,,300,,,,36199.2,350,,
173 2015 11:02:00.626,origin,,Target_2,,WGS84,,298.9,,,,36642.5,350,,
173 2015 11:02:00.626,origin,,Target_3,,WGS84,,322.7,,,,9555.2,14.8,,
173 2015 11:02:00.626,origin,,Target_4,,WGS84,,N/A,,,,N/A,N/A,,
173 2015 11:02:00.626,origin,,Target_5,,WGS84,,312.7,,,,5431.2,396.9,,
173 2015 11:02:00.626,origin,,Target_6,,WGS84,,N/A,,,,N/A,N/A,,
173 2015 11:02:01.811,origin,,Target_1,,WGS84,,299.5,,,,36056.2,350,,
173 2015 11:02:01.811,origin,,Target_2,,WGS84,,298.4,,,,36507.2,350,,
173 2015 11:02:01.811,origin,,Target_3,,WGS84,,322.8,,,,9183.5,11.4,,
173 2015 11:02:01.811,origin,,Target_4,,WGS84,,N/A,,,,N/A,N/A,,
173 2015 11:02:01.811,origin,,Target_5,,WGS84,,311.4,,,,6070.6,497.8,,
173 2015 11:02:01.811,origin,,Target_6,,WGS84,,N/A,,,,N/A,N/A,,
173 2015 11:02:03.004,origin,,Target_1,,WGS84,,299.1,,,,35912.4,350,,
173 2015 11:02:03.004,origin,,Target_2,,WGS84,,298,,,,36371.2,350,,
173 2015 11:02:03.004,origin,,Target_3,,WGS84,,322.9,,,,8809.1,9.4,,
173 2015 11:02:03.004,origin,,Target_4,,WGS84,,N/A,,,,N/A,N/A,,
173 2015 11:02:03.004,origin,,Target_5,,WGS84,,310.1,,,,6914.4,557.4,,
173 2015 11:02:03.004,origin,,Target_6,,WGS84,,N/A,,,,N/A,N/A,,
173 2015 11:02:04.195,origin,,Target_1,,WGS84,,298.6,,,,35769.2,350,,
173 2015 11:02:04.195,origin,,Target_2,,WGS84,,297.5,,,,36236,350,,
173 2015 11:02:04.195,origin,,Target_3,,WGS84,,322.9,,,,8435.5,8.3,,
173 2015 11:02:04.195,origin,,Target_4,,WGS84,,N/A,,,,N/A,N/A,,
173 2015 11:02:04.195,origin,,Target_5,,WGS84,,308.9,,,,7950.5,542.7,,
173 2015 11:02:04.195,origin,,Target_6,,WGS84,,N/A,,,,N/A,N/A,,
173 2015 11:02:05.407,origin,,Target_1,,WGS84,,298.1,,,,35624,350,,
173 2015 11:02:05.407,origin,,Target_2,,WGS84,,297.1,,,,36098.8,350,,
173 2015 11:02:05.407,origin,,Target_3,,WGS84,,322.9,,,,8055,7.7,,
173 2015 11:02:05.407,origin,,Target_4,,WGS84,,N/A,,,,N/A,N/A,,
173 2015 11:02:05.407,origin,,Target_5,,WGS84,,307.8,,,,8995.1,461.8,,
173 2015 11:02:05.407,origin,,Target_6,,WGS84,,N/A,,,,N/A,N/A,,
173 2015 11:02:06.611,origin,,Target_1,,WGS84,,297.6,,,,35480.4,350,,
173 2015 11:02:06.611,origin,,Target_2,,WGS84,,296.6,,,,35963.3,350,,
173 2015 11:02:06.611,origin,,Target_3,,WGS84,,323,,,,7677.1,7.4,,
173 2015 11:02:06.611,origin,,Target_4,,WGS84,,N/A,,,,N/A,N/A,,
173 2015 11:02:06.611,origin,,Target_5,,WGS84,,306.4,,,,9909.8,349.2,,
173 2015 11:02:06.611,origin,,Target_6,,WGS84,,N/A,,,,N/A,N/A,,
173 2015 11:02:07.802,origin,,Target_1,,WGS84,,297.2,,,,35339.1,350,,
173 2015 11:02:07.802,origin,,Target_2,,WGS84,,296.1,,,,35829.9,350,,
173 2015 11:02:07.802,origin,,Target_3,,WGS84,,322.9,,,,7303,7.2,,
173 2015 11:02:07.802,origin,,Target_4,,WGS84,,N/A,,,,N/A,N/A,,
173 2015 11:02:07.802,origin,,Target_5,,WGS84,,305.3,,,,10737.2,223.2,,
173 2015 11:02:07.802,origin,,Target_6,,WGS84,,N/A,,,,N/A,N/A,,
173 2015 11:02:09.016,origin,,Target_1,,WGS84,,296.6,,,,35195.9,350,,
173 2015 11:02:09.016,origin,,Target_2,,WGS84,,295.6,,,,35694.8,350,,
173 2015 11:02:09.016,origin,,Target_3,,WGS84,,322.9,,,,6921.7,7.1,,
173 2015 11:02:09.016,origin,,Target_4,,WGS84,,N/A,,,,N/A,N/A,,
173 2015 11:02:09.016,origin,,Target_5,,WGS84,,304.7,,,,11517.2,91,,
173 2015 11:02:09.016,origin,,Target_6,,WGS84,,N/A,,,,N/A,N/A,,
173 2015 11:02:10.222,origin,,Target_1,,WGS84,,296.1,,,,35054.8,350,,
173 2015 11:02:10.222,origin,,Target_2,,WGS84,,295.1,,,,35561.8,350,,
173 2015 11:02:10.222,origin,,Target_3,,WGS84,,322.9,,,,6543.1,7.1,,
173 2015 11:02:10.222,origin,,Target_4,,WGS84,,N/A,,,,N/A,N/A,,
173 2015 11:02:10.222,origin,,Target_5,,WGS84,,304.1,,,,11895.9,22.1,,
173 2015 11:02:10.222,origin,,Target_6,,WGS84,,N/A,,,,N/A,N/A,,
173 2015 11:02:11.388,origin,,Target_1,,WGS84,,295.6,,,,34919.4,350,,
173 2015 11:02:11.388,origin,,Target_2,,WGS84,,294.6,,,,35434.4,350,,
173 2015 11:02:11.388,origin,,Target_3,,WGS84,,N/A,,,,N/A,N/A,,
173 2015 11:02:11.388,origin,,Target_4,,WGS84,,N/A,,,,N/A,N/A,,
173 2015 11:02:11.388,origin,,Target_5,,WGS84,,N/A,,,,N/A,N/A,,
173 2015 11:02:11.388,origin,,Target_6,,WGS84,,N/A,,,,N/A,N/A,,
173 2015 11:02:12.505,origin,,Target_1,,WGS84,,295.1,,,,34791,350,,
173 2015 11:02:12.505,origin,,Target_2,,WGS84,,294.1,,,,35313.5,350,,
173 2015 11:02:12.505,origin,,Target_3,,WGS84,,N/A,,,,N/A,N/A,,
173 2015 11:02:12.505,origin,,Target_4,,WGS84,,N/A,,,,N/A,N/A,,
173 2015 11:02:12.505,origin,,Target_5,,WGS84,,N/A,,,,N/A,N/A,,
173 2015 11:02:12.505,origin,,Target_6,,WGS84,,N/A,,,,N/A,N/A,,
173 2015 11:02:13.637,origin,,Target_1,,WGS84,,294.6,,,,34662,350,,
173 2015 11:02:13.637,origin,,Target_2,,WGS84,,293.6,,,,35192.2,350,,
173 2015 11:02:13.637,origin,,Target_3,,WGS84,,N/A,,,,N/A,N/A,,
173 2015 11:02:13.637,origin,,Target_4,,WGS84,,N/A,,,,N/A,N/A,,
173 2015 11:02:13.637,origin,,Target_5,,WGS84,,N/A,,,,N/A,N/A,,
173 2015 11:02:13.637,origin,,Target_6,,WGS84,,N/A,,,,N/A,N/A,,
173 2015 11:02:14.753,origin,,Target_1,,WGS84,,294.1,,,,34536.3,350,,
173 2015 11:02:14.753,origin,,Target_2,,WGS84,,293.1,,,,35074,350,,
173 2015 11:02:14.753,origin,,Target_3,,WGS84,,N/A,,,,N/A,N/A,,
173 2015 11:02:14.753,origin,,Target_4,,WGS84,,N/A,,,,N/A,N/A,,
173 2015 11:02:14.753,origin,,Target_5,,WGS84,,N/A,,,,N/A,N/A,,
173 2015 11:02:14.753,origin,,Target_6,,WGS84,,N/A,,,,N/A,N/A,,
173 2015 11:02:15.866,origin,,Target_1,,WGS84,,293.5,,,,34412.4,350,,
173 2015 11:02:15.866,origin,,Target_2,,WGS84,,292.6,,,,34957.6,350,,
173 2015 11:02:15.866,origin,,Target_3,,WGS84,,N/A,,,,N/A,N/A,,
173 2015 11:02:15.866,origin,,Target_4,,WGS84,,N/A,,,,N/A,N/A,,
173 2015 11:02:15.866,origin,,Target_5,,WGS84,,N/A,,,,N/A,N/A,,
173 2015 11:02:15.866,origin,,Target_6,,WGS84,,N/A,,,,N/A,N/A,,
173 2015 11:02:16.967,origin,,Target_1,,WGS84,,293,,,,34291.4,350,,
173 2015 11:02:16.967,origin,,Target_2,,WGS84,,292,,,,34844.1,350,,
173 2015 11:02:16.967,origin,,Target_3,,WGS84,,N/A,,,,N/A,N/A,,
173 2015 11:02:16.967,origin,,Target_4,,WGS84,,N/A,,,,N/A,N/A,,
173 2015 11:02:16.967,origin,,Target_5,,WGS84,,N/A,,,,N/A,N/A,,
173 2015 11:02:16.967,origin,,Target_6,,WGS84,,N/A,,,,N/A,N/A,,
173 2015 11:02:18.048,origin,,Target_1,,WGS84,,292.5,,,,34174.4,350,,
173 2015 11:02:18.048,origin,,Target_2,,WGS84,,291.5,,,,34734.3,350,,
173 2015 11:02:18.048,origin,,Target_3,,WGS84,,N/A,,,,N/A,N/A,,
173 2015 11:02:18.048,origin,,Target_4,,WGS84,,N/A,,,,N/A,N/A,,
173 2015 11:02:18.048,origin,,Target_5,,WGS84,,N/A,,,,N/A,N/A,,
173 2015 11:02:18.048,origin,,Target_6,,WGS84,,N/A,,,,N/A,N/A,,
173 2015 11:02:19.148,origin,,Target_1,,WGS84,,291.9,,,,34057.1,350,,
173 2015 11:02:19.148,origin,,Target_2,,WGS84,,291,,,,34624.4,350,,
173 2015 11:02:19.148,origin,,Target_3,,WGS84,,N/A,,,,N/A,N/A,,
173 2015 11:02:19.148,origin,,Target_4,,WGS84,,N/A,,,,N/A,N/A,,
173 2015 11:02:19.148,origin,,Target_5,,WGS84,,N/A,,,,N/A,N/A,,
173 2015 11:02:19.148,origin,,Target_6,,WGS84,,N/A,,,,N/A,N/A,,
173 2015 11:02:20.234,origin,,Target_1,,WGS84,,291.4,,,,33943.2,350,,
173 2015 11:02:20.234,origin,,Target_2,,WGS84,,290.4,,,,34517.8,350,,
173 2015 11:02:20.234,origin,,Target_3,,WGS84,,N/A,,,,N/A,N/A,,
173 2015 11:02:20.234,origin,,Target_4,,WGS84,,N/A,,,,N/A,N/A,,
173 2015 11:02:20.234,origin,,Target_5,,WGS84,,N/A,,,,N/A,N/A,,
173 2015 11:02:20.234,origin,,Target_6,,WGS84,,N/A,,,,N/A,N/A,,
173 2015 11:02:21.328,origin,,Target_1,,WGS84,,290.8,,,,33830.6,350,,
173 2015 11:02:21.328,origin,,Target_2,,WGS84,,289.9,,,,34412.5,350,,
173 2015 11:02:21.328,origin,,Target_3,,WGS84,,N/A,,,,N/A,N/A,,
173 2015 11:02:21.328,origin,,Target_4,,WGS84,,N/A,,,,N/A,N/A,,
173 2015 11:02:21.328,origin,,Target_5,,WGS84,,N/A,,,,N/A,N/A,,
173 2015 11:02:21.328,origin,,Target_6,,WGS84,,N/A,,,,N/A,N/A,,
173 2015 11:02:22.422,origin,,Target_1,,WGS84,,290.2,,,,33720.2,350,,
173 2015 11:02:22.422,origin,,Target_2,,WGS84,,289.3,,,,34309.4,350,,
173 2015 11:02:22.422,origin,,Target_3,,WGS84,,N/A,,,,N/A,N/A,,
173 2015 11:02:22.422,origin,,Target_4,,WGS84,,N/A,,,,N/A,N/A,,
173 2015 11:02:22.422,origin,,Target_5,,WGS84,,N/A,,,,N/A,N/A,,
173 2015 11:02:22.422,origin,,Target_6,,WGS84,,N/A,,,,N/A,N/A,,
173 2015 11:02:23.518,origin,,Target_1,,WGS84,,289.7,,,,33611.9,350,,
173 2015 11:02:23.518,origin,,Target_2,,WGS84,,288.8,,,,34208.4,350,,
173 2015 11:02:23.518,origin,,Target_3,,WGS84,,N/A,,,,N/A,N/A,,
173 2015 11:02:23.518,origin,,Target_4,,WGS84,,N/A,,,,N/A,N/A,,
173 2015 11:02:23.518,origin,,Target_5,,WGS84,,N/A,,,,N/A,N/A,,
173 2015 11:02:23.518,origin,,Target_6,,WGS84,,N/A,,,,N/A,N/A,,
173 2015 11:02:24.611,origin,,Target_1,,WGS84,,289.1,,,,33506.5,350,,
173 2015 11:02:24.611,origin,,Target_2,,WGS84,,288.2,,,,34110.1,350,,
173 2015 11:02:24.611,origin,,Target_3,,WGS84,,N/A,,,,N/A,N/A,,
173 2015 11:02:24.611,origin,,Target_4,,WGS84,,N/A,,,,N/A,N/A,,
173 2015 11:02:24.611,origin,,Target_5,,WGS84,,N/A,,,,N/A,N/A,,
173 2015 11:02:24.611,origin,,Target_6,,WGS84,,N/A,,,,N/A,N/A,,
173 2015 11:02:25.68,origin,,Target_1,,WGS84,,288.5,,,,33405.8,350,,
173 2015 11:02:25.68,origin,,Target_2,,WGS84,,287.6,,,,34016.5,350,,
173 2015 11:02:25.68,origin,,Target_3,,WGS84,,N/A,,,,N/A,N/A,,
173 2015 11:02:25.68,origin,,Target_4,,WGS84,,N/A,,,,N/A,N/A,,
173 2015 11:02:25.68,origin,,Target_5,,WGS84,,N/A,,,,N/A,N/A,,
173 2015 11:02:25.68,origin,,Target_6,,WGS84,,N/A,,,,N/A,N/A,,
173 2015 11:02:26.775,origin,,Target_1,,WGS84,,287.9,,,,33305.5,350,,
173 2015 11:02:26.775,origin,,Target_2,,WGS84,,287,,,,33923.3,350,,
173 2015 11:02:26.775,origin,,Target_3,,WGS84,,N/A,,,,N/A,N/A,,
173 2015 11:02:26.775,origin,,Target_4,,WGS84,,N/A,,,,N/A,N/A,,
173 2015 11:02:26.775,origin,,Target_5,,WGS84,,N/A,,,,N/A,N/A,,
173 2015 11:02:26.775,origin,,Target_6,,WGS84,,N/A,,,,N/A,N/A,,
173 2015 11:02:27.86,origin,,Target_1,,WGS84,,287.2,,,,33209.1,350,,
173 2015 11:02:27.86,origin,,Target_2,,WGS84,,286.4,,,,33833.8,350,,
173 2015 11:02:27.86,origin,,Target_3,,WGS84,,N/A,,,,N/A,N/A,,
173 2015 11:02:27.86,origin,,Target_4,,WGS84,,N/A,,,,N/A,N/A,,
173 2015 11:02:27.86,origin,,Target_5,,WGS84,,N/A,,,,N/A,N/A,,
173 2015 11:02:27.86,origin,,Target_6,,WGS84,,N/A,,,,N/A,N/A,,
173 2015 11:02:28.944,origin,,Target_1,,WGS84,,286.6,,,,33116,350,,
173 2015 11:02:28.944,origin,,Target_2,,WGS84,,285.8,,,,33747.3,350,,
173 2015 11:02:28.944,origin,,Target_3,,WGS84,,N/A,,,,N/A,N/A,,
173 2015 11:02:28.944,origin,,Target_4,,WGS84,,N/A,,,,N/A,N/A,,
173 2015 11:02:28.944,origin,,Target_5,,WGS84,,N/A,,,,N/A,N/A,,
173 2015 11:02:28.944,origin,,Target_6,,WGS84,,N/A,,,,N/A,N/A,,
173 2015 11:02:30.043,origin,,Target_1,,WGS84,,286,,,,33025.4,350,,
173 2015 11:02:30.043,origin,,Target_2,,WGS84,,285.2,,,,33663,350,,
173 2015 11:02:30.043,origin,,Target_3,,WGS84,,N/A,,,,N/A,N/A,,
173 2015 11:02:30.043,origin,,Target_4,,WGS84,,N/A,,,,N/A,N/A,,
173 2015 11:02:30.043,origin,,Target_5,,WGS84,,N/A,,,,N/A,N/A,,
173 2015 11:02:30.043,origin,,Target_6,,WGS84,,N/A,,,,N/A,N/A,,
173 2015 11:02:31.152,origin,,Target_1,,WGS84,,285.3,,,,32938.2,350,,
173 2015 11:02:31.152,origin,,Target_2,,WGS84,,284.5,,,,33581.8,350,,
173 2015 11:02:31.152,origin,,Target_3,,WGS84,,N/A,,,,N/A,N/A,,
173 2015 11:02:31.152,origin,,Target_4,,WGS84,,N/A,,,,N/A,N/A,,
173 2015 11:02:31.152,origin,,Target_5,,WGS84,,N/A,,,,N/A,N/A,,
173 2015 11:02:31.152,origin,,Target_6,,WGS84,,N/A,,,,N/A,N/A,,
173 2015 11:02:32.243,origin,,Target_1,,WGS84,,284.7,,,,32856.3,350,,
173 2015 11:02:32.243,origin,,Target_2,,WGS84,,283.9,,,,33505.9,350,,
173 2015 11:02:32.243,origin,,Target_3,,WGS84,,N/A,,,,N/A,N/A,,
173 2015 11:02:32.243,origin,,Target_4,,WGS84,,N/A,,,,N/A,N/A,,
173 2015 11:02:32.243,origin,,Target_5,,WGS84,,N/A,,,,N/A,N/A,,
173 2015 11:02:32.243,origin,,Target_6,,WGS84,,N/A,,,,N/A,N/A,,
173 2015 11:02:33.333,origin,,Target_1,,WGS84,,284.1,,,,32778.8,350,,
173 2015 11:02:33.333,origin,,Target_2,,WGS84,,283.3,,,,33434.2,350,,
173 2015 11:02:33.333,origin,,Target_3,,WGS84,,N/A,,,,N/A,N/A,,
173 2015 11:02:33.333,origin,,Target_4,,WGS84,,N/A,,,,N/A,N/A,,
173 2015 11:02:33.333,origin,,Target_5,,WGS84,,N/A,,,,N/A,N/A,,
173 2015 11:02:33.333,origin,,Target_6,,WGS84,,N/A,,,,N/A,N/A,,
173 2015 11:02:34.429,origin,,Target_1,,WGS84,,283.4,,,,32705,350,,
173 2015 11:02:34.429,origin,,Target_2,,WGS84,,282.6,,,,33366.2,350,,
173 2015 11:02:34.429,origin,,Target_3,,WGS84,,N/A,,,,N/A,N/A,,
173 2015 11:02:34.429,origin,,Target_4,,WGS84,,N/A,,,,N/A,N/A,,
173 2015 11:02:34.429,origin,,Target_5,,WGS84,,N/A,,,,N/A,N/A,,
173 2015 11:02:34.429,origin,,Target_6,,WGS84,,N/A,,,,N/A,N/A,,
173 2015 11:02:35.507,origin,,Target_1,,WGS84,,282.8,,,,32636.5,350,,
173 2015 11:02:35.507,origin,,Target_2,,WGS84,,282,,,,33303.3,350,,
173 2015 11:02:35.507,origin,,Target_3,,WGS84,,N/A,,,,N/A,N/A,,
173 2015 11:02:35.507,origin,,Target_4,,WGS84,,N/A,,,,N/A,N/A,,
173 2015 11:02:35.507,origin,,Target_5,,WGS84,,N/A,,,,N/A,N/A,,
173 2015 11:02:35.507,origin,,Target_6,,WGS84,,N/A,,,,N/A,N/A,,
173 2015 11:02:36.578,origin,,Target_1,,WGS84,,282.1,,,,32572.6,350,,
173 2015 11:02:36.578,origin,,Target_2,,WGS84,,281.4,,,,33244.8,350,,
173 2015 11:02:36.578,origin,,Target_3,,WGS84,,N/A,,,,N/A,N/A,,
173 2015 11:02:36.578,origin,,Target_4,,WGS84,,N/A,,,,N/A,N/A,,
173 2015 11:02:36.578,origin,,Target_5,,WGS84,,N/A,,,,N/A,N/A,,
173 2015 11:02:36.578,origin,,Target_6,,WGS84,,N/A,,,,N/A,N/A,,
173 2015 11:02:37.649,origin,,Target_1,,WGS84,,281.5,,,,32512.7,350,,
173 2015 11:02:37.649,origin,,Target_2,,WGS84,,280.7,,,,33190.4,350,,
173 2015 11:02:37.649,origin,,Target_3,,WGS84,,N/A,,,,N/A,N/A,,
173 2015 11:02:37.649,origin,,Target_4,,WGS84,,N/A,,,,N/A,N/A,,
173 2015 11:02:37.649,origin,,Target_5,,WGS84,,N/A,,,,N/A,N/A,,
173 2015 11:02:37.649,origin,,Target_6,,WGS84,,N/A,,,,N/A,N/A,,
173 2015 11:02:38.724,origin,,Target_1,,WGS84,,280.8,,,,32456.8,350,,
173 2015 11:02:38.724,origin,,Target_2,,WGS84,,280.1,,,,33139.8,350,,
173 2015 11:02:38.724,origin,,Target_3,,WGS84,,N/A,,,,N/A,N/A,,
173 2015 11:02:38.724,origin,,Target_4,,WGS84,,N/A,,,,N/A,N/A,,
173 2015 11:02:38.724,origin,,Target_5,,WGS84,,N/A,,,,N/A,N/A,,
173 2015 11:02:38.724,origin,,Target_6,,WGS84,,N/A,,,,N/A,N/A,,
173 2015 11:02:39.809,origin,,Target_1,,WGS84,,280.2,,,,32404.4,350,,
173 2015 11:02:39.809,origin,,Target_2,,WGS84,,279.5,,,,33092.9,350,,
173 2015 11:02:39.809,origin,,Target_3,,WGS84,,N/A,,,,N/A,N/A,,
173 2015 11:02:39.809,origin,,Target_4,,WGS84,,N/A,,,,N/A,N/A,,
173 2015 11:02:39.809,origin,,Target_5,,WGS84,,N/A,,,,N/A,N/A,,
173 2015 11:02:39.809,origin,,Target_6,,WGS84,,N/A,,,,N/A,N/A,,
173 2015 11:02:40.885,origin,,Target_1,,WGS84,,279.5,,,,32356.7,350.7,,
173 2015 11:02:40.885,origin,,Target_2,,WGS84,,278.8,,,,33050.5,350,,
173 2015 11:02:40.885,origin,,Target_3,,WGS84,,N/A,,,,N/A,N/A,,
173 2015 11:02:40.885,origin,,Target_4,,WGS84,,N/A,,,,N/A,N/A,,
173 2015 11:02:40.885,origin,,Target_5,,WGS84,,N/A,,,,N/A,N/A,,
173 2015 11:02:40.885,origin,,Target_6,,WGS84,,N/A,,,,N/A,N/A,,
173 2015 11:02:41.963,origin,,Target_1,,WGS84,,278.9,,,,32311.1,358.7,,
173 2015 11:02:41.963,origin,,Target_2,,WGS84,,278.2,,,,33012.1,350.3,,
173 2015 11:02:41.963,origin,,Target_3,,WGS84,,N/A,,,,N/A,N/A,,
173 2015 11:02:41.963,origin,,Target_4,,WGS84,,N/A,,,,N/A,N/A,,
173 2015 11:02:41.963,origin,,Target_5,,WGS84,,N/A,,,,N/A,N/A,,
173 2015 11:02:41.963,origin,,Target_6,,WGS84,,N/A,,,,N/A,N/A,,
173 2015 11:02:43.022,origin,,Target_1,,WGS84,,278.3,,,,32267.2,377.5,,
173 2015 11:02:43.022,origin,,Target_2,,WGS84,,277.6,,,,32976.8,356.2,,
173 2015 11:02:43.022,origin,,Target_3,,WGS84,,N/A,,,,N/A,N/A,,
173 2015 11:02:43.022,origin,,Target_4,,WGS84,,N/A,,,,N/A,N/A,,
173 2015 11:02:43.022,origin,,Target_5,,WGS84,,N/A,,,,N/A,N/A,,
173 2015 11:02:43.022,origin,,Target_6,,WGS84,,N/A,,,,N/A,N/A,,
173 2015 11:02:44.104,origin,,Target_1,,WGS84,,277.6,,,,32223.6,406.8,,
173 2015 11:02:44.104,origin,,Target_2,,WGS84,,276.9,,,,32941.4,373.2,,
173 2015 11:02:44.104,origin,,Target_3,,WGS84,,N/A,,,,N/A,N/A,,
173 2015 11:02:44.104,origin,,Target_4,,WGS84,,N/A,,,,N/A,N/A,,
173 2015 11:02:44.104,origin,,Target_5,,WGS84,,N/A,,,,N/A,N/A,,
173 2015 11:02:44.104,origin,,Target_6,,WGS84,,N/A,,,,N/A,N/A,,
173 2015 11:02:45.192,origin,,Target_1,,WGS84,,277,,,,32181.8,443.3,,
173 2015 11:02:45.192,origin,,Target_2,,WGS84,,276.3,,,,32906.6,401,,
173 2015 11:02:45.192,origin,,Target_3,,WGS84,,N/A,,,,N/A,N/A,,
173 2015 11:02:45.192,origin,,Target_4,,WGS84,,N/A,,,,N/A,N/A,,
173 2015 11:02:45.192,origin,,Target_5,,WGS84,,N/A,,,,N/A,N/A,,
173 2015 11:02:45.192,origin,,Target_6,,WGS84,,N/A,,,,N/A,N/A,,
173 2015 11:02:46.258,origin,,Target_1,,WGS84,,276.4,,,,32143.8,482.9,,
173 2015 11:02:46.258,origin,,Target_2,,WGS84,,275.7,,,,32874,435.7,,
173 2015 11:02:46.258,origin,,Target_3,,WGS84,,N/A,,,,N/A,N/A,,
173 2015 11:02:46.258,origin,,Target_4,,WGS84,,N/A,,,,N/A,N/A,,
173 2015 11:02:46.258,origin,,Target_5,,WGS84,,N/A,,,,N/A,N/A,,
173 2015 11:02:46.258,origin,,Target_6,,WGS84,,N/A,,,,N/A,N/A,,
173 2015 11:02:47.316,origin,,Target_1,,WGS84,,275.8,,,,32109.3,523.7,,
173 2015 11:02:47.316,origin,,Target_2,,WGS84,,275.1,,,,32844.3,474.4,,
173 2015 11:02:47.316,origin,,Target_3,,WGS84,,N/A,,,,N/A,N/A,,
173 2015 11:02:47.316,origin,,Target_4,,WGS84,,N/A,,,,N/A,N/A,,
173 2015 11:02:47.316,origin,,Target_5,,WGS84,,N/A,,,,N/A,N/A,,
173 2015 11:02:47.316,origin,,Target_6,,WGS84,,N/A,,,,N/A,N/A,,
173 2015 11:02:48.388,origin,,Target_1,,WGS84,,275.1,,,,32078.2,565.4,,
173 2015 11:02:48.388,origin,,Target_2,,WGS84,,274.5,,,,32817.2,515.6,,
173 2015 11:02:48.388,origin,,Target_3,,WGS84,,N/A,,,,N/A,N/A,,
173 2015 11:02:48.388,origin,,Target_4,,WGS84,,N/A,,,,N/A,N/A,,
173 2015 11:02:48.388,origin,,Target_5,,WGS84,,N/A,,,,N/A,N/A,,
173 2015 11:02:48.388,origin,,Target_6,,WGS84,,N/A,,,,N/A,N/A,,
173 2015 11:02:49.452,origin,,Target_1,,WGS84,,274.5,,,,32051.2,606.3,,
173 2015 11:02:49.452,origin,,Target_2,,WGS84,,273.9,,,,32794,557,,
173 2015 11:02:49.452,origin,,Target_3,,WGS84,,N/A,,,,N/A,N/A,,
173 2015 11:02:49.452,origin,,Target_4,,WGS84,,N/A,,,,N/A,N/A,,
173 2015 11:02:49.452,origin,,Target_5,,WGS84,,N/A,,,,N/A,N/A,,
173 2015 11:02:49.452,origin,,Target_6,,WGS84,,N/A,,,,N/A,N/A,,
173 2015 11:02:50.511,origin,,Target_1,,WGS84,,273.9,,,,32028.2,646.6,,
173 2015 11:02:50.511,origin,,Target_2,,WGS84,,273.3,,,,32774.6,597.8,,
173 2015 11:02:50.511,origin,,Target_3,,WGS84,,N/A,,,,N/A,N/A,,
173 2015 11:02:50.511,origin,,Target_4,,WGS84,,N/A,,,,N/A,N/A,,
173 2015 11:02:50.511,origin,,Target_5,,WGS84,,N/A,,,,N/A,N/A,,
173 2015 11:02:50.511,origin,,Target_6,,WGS84,,N/A,,,,N/A,N/A,,
173 2015 11:02:51.575,origin,,Target_1,,WGS84,,273.3,,,,32009,686.6,,
173 2015 11:02:51.575,origin,,Target_2,,WGS84,,272.7,,,,32759.1,638.3,,
173 2015 11:02:51.575,origin,,Target_3,,WGS84,,N/A,,,,N/A,N/A,,
173 2015 11:02:51.575,origin,,Target_4,,WGS84,,N/A,,,,N/A,N/A,,
173 2015 11:02:51.575,origin,,Target_5,,WGS84,,N/A,,,,N/A,N/A,,
173 2015 11:02:51.575,origin,,Target_6,,WGS84,,N/A,,,,N/A,N/A,,
173 2015 11:02:52.631,origin,,Target_1,,WGS84,,272.7,,,,31993.8,726.2,,
173 2015 11:02:52.631,origin,,Target_2,,WGS84,,272.1,,,,32747.4,678.1,,
173 2015 11:02:52.631,origin,,Target_3,,WGS84,,N/A,,,,N/A,N/A,,
173 2015 11:02:52.631,origin,,Target_4,,WGS84,,N/A,,,,N/A,N/A,,
173 2015 11:02:52.631,origin,,Target_5,,WGS84,,N/A,,,,N/A,N/A,,
173 2015 11:02:52.631,origin,,Target_6,,WGS84,,N/A,,,,N/A,N/A,,
173 2015 11:02:53.683,origin,,Target_1,,WGS84,,272,,,,31982.4,765.6,,
173 2015 11:02:53.683,origin,,Target_2,,WGS84,,271.5,,,,32739.5,717.6,,
173 2015 11:02:53.683,origin,,Target_3,,WGS84,,N/A,,,,N/A,N/A,,
173 2015 11:02:53.683,origin,,Target_4,,WGS84,,N/A,,,,N/A,N/A,,
173 2015 11:02:53.683,origin,,Target_5,,WGS84,,N/A,,,,N/A,N/A,,
173 2015 11:02:53.683,origin,,Target_6,,WGS84,,N/A,,,,N/A,N/A,,
173 2015 11:02:54.723,origin,,Target_1,,WGS84,,271.4,,,,31974.7,804.7,,
173 2015 11:02:54.723,origin,,Target_2,,WGS84,,270.9,,,,32735.3,756.6,,
173 2015 11:02:54.723,origin,,Target_3,,WGS84,,N/A,,,,N/A,N/A,,
173 2015 11:02:54.723,origin,,Target_4,,WGS84,,N/A,,,,N/A,N/A,,
173 2015 11:02:54.723,origin,,Target_5,,WGS84,,N/A,,,,N/A,N/A,,
173 2015 11:02:54.723,origin,,Target_6,,WGS84,,N/A,,,,N/A,N/A,,
173 2015 11:02:55.782,origin,,Target_1,,WGS84,,270.8,,,,31970.5,842.7,,
173 2015 11:02:55.782,origin,,Target_2,,WGS84,,270.3,,,,32734.6,796.3,,
173 2015 11:02:55.782,origin,,Target_3,,WGS84,,N/A,,,,N/A,N/A,,
173 2015 11:02:55.782,origin,,Target_4,,WGS84,,N/A,,,,N/A,N/A,,
173 2015 11:02:55.782,origin,,Target_5,,WGS84,,N/A,,,,N/A,N/A,,
173 2015 11:02:55.782,origin,,Target_6,,WGS84,,N/A,,,,N/A,N/A,,
173 2015 11:02:56.818,origin,,Target_1,,WGS84,,270.2,,,,31970,876.6,,
173 2015 11:02:56.818,origin,,Target_2,,WGS84,,269.7,,,,32737.5,834.3,,
173 2015 11:02:56.818,origin,,Target_3,,WGS84,,N/A,,,,N/A,N/A,,
173 2015 11:02:56.818,origin,,Target_4,,WGS84,,N/A,,,,N/A,N/A,,
173 2015 11:02:56.818,origin,,Target_5,,WGS84,,N/A,,,,N/A,N/A,,
173 2015 11:02:56.818,origin,,Target_6,,WGS84,,N/A,,,,N/A,N/A,,
173 2015 11:02:57.864,origin,,Target_1,,WGS84,,269.6,,,,31973.2,914,,
173 2015 11:02:57.864,origin,,Target_2,,WGS84,,269.1,,,,32743.9,868.8,,
173 2015 11:02:57.864,origin,,Target_3,,WGS84,,N/A,,,,N/A,N/A,,
173 2015 11:02:57.864,origin,,Target_4,,WGS84,,N/A,,,,N/A,N/A,,
173 2015 11:02:57.864,origin,,Target_5,,WGS84,,N/A,,,,N/A,N/A,,
173 2015 11:02:57.864,origin,,Target_6,,WGS84,,N/A,,,,N/A,N/A,,
173 2015 11:02:58.921,origin,,Target_1,,WGS84,,269,,,,31980.4,958.7,,
173 2015 11:02:58.921,origin,,Target_2,,WGS84,,268.5,,,,32754,905.4,,
173 2015 11:02:58.921,origin,,Target_3,,WGS84,,N/A,,,,N/A,N/A,,
173 2015 11:02:58.921,origin,,Target_4,,WGS84,,N/A,,,,N/A,N/A,,
173 2015 11:02:58.921,origin,,Target_5,,WGS84,,N/A,,,,N/A,N/A,,
173 2015 11:02:58.921,origin,,Target_6,,WGS84,,N/A,,,,N/A,N/A,,
173 2015 11:02:59.956,origin,,Target_1,,WGS84,,268.4,,,,31991.2,1005.4,,
173 2015 11:02:59.956,origin,,Target_2,,WGS84,,267.9,,,,32767.7,947.9,,
173 2015 11:02:59.956,origin,,Target_3,,WGS84,,N/A,,,,N/A,N/A,,
173 2015 11:02:59.956,origin,,Target_4,,WGS84,,N/A,,,,N/A,N/A,,
173 2015 11:02:59.956,origin,,Target_5,,WGS84,,N/A,,,,N/A,N/A,,
173 2015 11:02:59.956,origin,,Target_6,,WGS84,,N/A,,,,N/A,N/A,,
173 2015 11:03:01.005,origin,,Target_1,,WGS84,,267.8,,,,32005.9,1053.2,,
173 2015 11:03:01.005,origin,,Target_2,,WGS84,,267.3,,,,32785.3,994.8,,
173 2015 11:03:01.005,origin,,Target_3,,WGS84,,N/A,,,,N/A,N/A,,
173 2015 11:03:01.005,origin,,Target_4,,WGS84,,N/A,,,,N/A,N/A,,
173 2015 11:03:01.005,origin,,Target_5,,WGS84,,N/A,,,,N/A,N/A,,
173 2015 11:03:01.005,origin,,Target_6,,WGS84,,N/A,,,,N/A,N/A,,
173 2015 11:03:02.015,origin,,Target_1,,WGS84,,267.2,,,,32023.5,1099,,
173 2015 11:03:02.015,origin,,Target_2,,WGS84,,266.7,,,,32805.6,1040.8,,
173 2015 11:03:02.015,origin,,Target_3,,WGS84,,N/A,,,,N/A,N/A,,
173 2015 11:03:02.015,origin,,Target_4,,WGS84,,N/A,,,,N/A,N/A,,
173 2015 11:03:02.015,origin,,Target_5,,WGS84,,N/A,,,,N/A,N/A,,
173 2015 11:03:02.015,origin,,Target_6,,WGS84,,N/A,,,,N/A,N/A,,
173 2015 11:03:03.26,origin,,Target_1,,WGS84,,266.5,,,,32050,1154.5,,
173 2015 11:03:03.26,origin,,Target_2,,WGS84,,266,,,,32835.2,1097.3,,
173 2015 11:03:03.26,origin,,Target_3,,WGS84,,N/A,,,,N/A,N/A,,
173 2015 11:03:03.26,origin,,Target_4,,WGS84,,N/A,,,,N/A,N/A,,
173 2015 11:03:03.26,origin,,Target_5,,WGS84,,N/A,,,,N/A,N/A,,
173 2015 11:03:03.26,origin,,Target_6,,WGS84,,N/A,,,,N/A,N/A,,
173 2015 11:03:04.508,origin,,Target_1,,WGS84,,265.7,,,,32081.7,1209.2,,
173 2015 11:03:04.508,origin,,Target_2,,WGS84,,265.3,,,,32869.9,1153,,
173 2015 11:03:04.508,origin,,Target_3,,WGS84,,N/A,,,,N/A,N/A,,
173 2015 11:03:04.508,origin,,Target_4,,WGS84,,N/A,,,,N/A,N/A,,
173 2015 11:03:04.508,origin,,Target_5,,WGS84,,N/A,,,,N/A,N/A,,
173 2015 11:03:04.508,origin,,Target_6,,WGS84,,N/A,,,,N/A,N/A,,
173 2015 11:03:05.743,origin,,Target_1,,WGS84,,265,,,,32118.1,1262.3,,
173 2015 11:03:05.743,origin,,Target_2,,WGS84,,264.6,,,,32909.3,1207.2,,
173 2015 11:03:05.743,origin,,Target_3,,WGS84,,N/A,,,,N/A,N/A,,
173 2015 11:03:05.743,origin,,Target_4,,WGS84,,N/A,,,,N/A,N/A,,
173 2015 11:03:05.743,origin,,Target_5,,WGS84,,N/A,,,,N/A,N/A,,
173 2015 11:03:05.743,origin,,Target_6,,WGS84,,N/A,,,,N/A,N/A,,
